atype,greedy_acc,J_mc,advantage,any_of_k
other,1.0,0.75,-0.25,1.0
other,1.0,0.5,-0.5,1.0
other,1.0,0.75,-0.25,1.0
other,1.0,0.0,-1.0,0.0
yes/no,1.0,0.75,-0.25,1.0
yes/no,1.0,1.0,0.0,1.0
other,1.0,0.5,-0.5,1.0
other,0.0,0.25,0.25,1.0
number,1.0,0.75,-0.25,1.0
other,1.0,1.0,0.0,1.0
other,0.3333333333333333,0.0,-0.3333333333333333,0.0
yes/no,1.0,1.0,0.0,1.0
other,1.0,0.16666666666666666,-0.8333333333333334,0.6666666666666666
other,1.0,0.5833333333333334,-0.41666666666666663,1.0
yes/no,1.0,1.0,0.0,1.0
number,1.0,1.0,0.0,1.0
yes/no,1.0,1.0,0.0,1.0
yes/no,1.0,1.0,0.0,1.0
yes/no,1.0,1.0,0.0,1.0
number,1.0,0.5,-0.5,1.0
other,1.0,0.6666666666666666,-0.33333333333333337,1.0
number,0.0,0.25,0.25,1.0
yes/no,1.0,0.8333333333333334,-0.16666666666666663,1.0
number,1.0,0.8333333333333333,-0.16666666666666674,1.0
yes/no,1.0,0.8333333333333333,-0.16666666666666674,1.0
yes/no,1.0,0.75,-0.25,1.0
yes/no,1.0,1.0,0.0,1.0
other,1.0,0.5833333333333334,-0.41666666666666663,1.0
yes/no,1.0,1.0,0.0,1.0
other,1.0,1.0,0.0,1.0
yes/no,1.0,1.0,0.0,1.0
yes/no,1.0,1.0,0.0,1.0
yes/no,1.0,1.0,0.0,1.0
yes/no,1.0,1.0,0.0,1.0
yes/no,1.0,1.0,0.0,1.0
other,1.0,0.75,-0.25,1.0
number,1.0,0.75,-0.25,1.0
yes/no,1.0,1.0,0.0,1.0
yes/no,1.0,1.0,0.0,1.0
number,1.0,0.75,-0.25,1.0
number,0.0,0.0,0.0,0.0
other,1.0,0.75,-0.25,1.0
yes/no,1.0,1.0,0.0,1.0
yes/no,1.0,1.0,0.0,1.0
other,1.0,0.75,-0.25,1.0
other,1.0,0.5,-0.5,1.0
other,0.0,1.0,1.0,1.0
number,0.0,0.0,0.0,0.0
yes/no,1.0,1.0,0.0,1.0
other,1.0,0.25,-0.75,1.0
yes/no,1.0,0.75,-0.25,1.0
other,1.0,0.75,-0.25,1.0
yes/no,1.0,0.75,-0.25,1.0
other,1.0,0.5,-0.5,1.0
other,1.0,0.25,-0.75,1.0
yes/no,1.0,1.0,0.0,1.0
yes/no,1.0,1.0,0.0,1.0
other,1.0,0.75,-0.25,1.0
yes/no,1.0,1.0,0.0,1.0
other,1.0,0.5,-0.5,1.0
other,0.0,0.0,0.0,0.0
other,0.3333333333333333,0.0,-0.3333333333333333,0.0
other,1.0,0.75,-0.25,1.0
yes/no,1.0,1.0,0.0,1.0
other,1.0,0.5,-0.5,1.0
yes/no,1.0,1.0,0.0,1.0
yes/no,1.0,1.0,0.0,1.0
number,1.0,0.25,-0.75,1.0
number,0.0,0.0,0.0,0.0
other,0.0,0.0,0.0,0.0
other,1.0,0.5833333333333334,-0.41666666666666663,1.0
other,1.0,1.0,0.0,1.0
yes/no,0.0,0.0,0.0,0.0
other,1.0,1.0,0.0,1.0
other,1.0,1.0,0.0,1.0
other,1.0,1.0,0.0,1.0
other,0.0,0.16666666666666666,0.16666666666666666,0.3333333333333333
other,1.0,0.75,-0.25,1.0
number,1.0,0.5,-0.5,1.0
other,1.0,1.0,0.0,1.0
yes/no,1.0,1.0,0.0,1.0
yes/no,1.0,0.75,-0.25,1.0
yes/no,0.6666666666666666,0.75,0.08333333333333337,1.0
number,0.0,0.08333333333333333,0.08333333333333333,0.3333333333333333
yes/no,1.0,0.75,-0.25,1.0
number,1.0,1.0,0.0,1.0
number,0.0,0.5,0.5,1.0
other,1.0,1.0,0.0,1.0
number,1.0,0.6666666666666667,-0.33333333333333326,1.0
other,1.0,1.0,0.0,1.0
yes/no,1.0,1.0,0.0,1.0
yes/no,1.0,0.75,-0.25,1.0
number,0.0,0.41666666666666663,0.41666666666666663,1.0
yes/no,1.0,0.75,-0.25,1.0
other,1.0,0.5,-0.5,1.0
other,1.0,0.3333333333333333,-0.6666666666666667,1.0
other,1.0,1.0,0.0,1.0
yes/no,1.0,0.9166666666666666,-0.08333333333333337,1.0
yes/no,1.0,1.0,0.0,1.0
other,1.0,0.75,-0.25,1.0
other,0.0,0.3333333333333333,0.3333333333333333,1.0
yes/no,1.0,1.0,0.0,1.0
yes/no,1.0,0.75,-0.25,1.0
yes/no,1.0,1.0,0.0,1.0
other,1.0,0.75,-0.25,1.0
other,1.0,0.75,-0.25,1.0
number,1.0,0.8333333333333333,-0.16666666666666674,1.0
yes/no,1.0,1.0,0.0,1.0
other,1.0,0.5,-0.5,1.0
yes/no,1.0,1.0,0.0,1.0
number,0.3333333333333333,0.0,-0.3333333333333333,0.0
other,1.0,0.75,-0.25,1.0
number,0.0,0.0,0.0,0.0
yes/no,1.0,1.0,0.0,1.0
yes/no,1.0,1.0,0.0,1.0
other,1.0,0.25,-0.75,1.0
other,1.0,0.6666666666666666,-0.33333333333333337,1.0
number,0.0,0.0,0.0,0.0
yes/no,1.0,0.8333333333333333,-0.16666666666666674,1.0
other,1.0,0.8333333333333333,-0.16666666666666674,1.0
yes/no,1.0,1.0,0.0,1.0
yes/no,1.0,1.0,0.0,1.0
other,1.0,0.5,-0.5,1.0
other,1.0,0.5,-0.5,1.0
yes/no,1.0,1.0,0.0,1.0
number,1.0,0.0,-1.0,0.0
yes/no,1.0,1.0,0.0,1.0
number,0.0,0.0,0.0,0.0
yes/no,1.0,1.0,0.0,1.0
other,0.0,0.3333333333333333,0.3333333333333333,1.0
yes/no,1.0,1.0,0.0,1.0
yes/no,1.0,1.0,0.0,1.0
other,0.0,0.0,0.0,0.0
number,0.0,0.25,0.25,1.0
other,0.0,0.0,0.0,0.0
other,1.0,1.0,0.0,1.0
yes/no,1.0,0.75,-0.25,1.0
other,1.0,1.0,0.0,1.0
other,1.0,1.0,0.0,1.0
other,1.0,0.75,-0.25,1.0
yes/no,1.0,1.0,0.0,1.0
yes/no,1.0,1.0,0.0,1.0
yes/no,1.0,1.0,0.0,1.0
yes/no,1.0,0.9166666666666666,-0.08333333333333337,1.0
other,0.3333333333333333,0.08333333333333333,-0.25,0.3333333333333333
other,1.0,1.0,0.0,1.0
other,0.6666666666666666,0.5833333333333333,-0.08333333333333337,0.6666666666666666
yes/no,1.0,0.75,-0.25,1.0
other,1.0,1.0,0.0,1.0
other,1.0,0.8333333333333334,-0.16666666666666663,1.0
yes/no,1.0,1.0,0.0,1.0
other,1.0,0.75,-0.25,1.0
other,1.0,0.8333333333333334,-0.16666666666666663,1.0
other,0.6666666666666666,0.5833333333333333,-0.08333333333333337,0.6666666666666666
other,0.6666666666666666,0.3333333333333333,-0.3333333333333333,0.6666666666666666
other,0.0,0.75,0.75,1.0
other,1.0,0.0,-1.0,0.0
other,0.0,0.0,0.0,0.0
number,1.0,1.0,0.0,1.0
other,1.0,0.75,-0.25,1.0
yes/no,1.0,1.0,0.0,1.0
other,1.0,0.3333333333333333,-0.6666666666666667,1.0
other,1.0,0.6666666666666666,-0.33333333333333337,1.0
yes/no,1.0,1.0,0.0,1.0
other,1.0,0.25,-0.75,1.0
number,0.0,0.0,0.0,0.0
yes/no,1.0,1.0,0.0,1.0
yes/no,1.0,0.5,-0.5,1.0
other,1.0,0.75,-0.25,1.0
yes/no,1.0,1.0,0.0,1.0
other,1.0,0.5,-0.5,1.0
other,1.0,1.0,0.0,1.0
other,0.0,0.08333333333333333,0.08333333333333333,0.3333333333333333
other,0.3333333333333333,0.49999999999999994,0.16666666666666663,1.0
yes/no,1.0,1.0,0.0,1.0
other,1.0,0.3333333333333333,-0.6666666666666667,1.0
other,0.3333333333333333,0.16666666666666666,-0.16666666666666666,0.3333333333333333
other,1.0,0.8333333333333334,-0.16666666666666663,1.0
other,1.0,1.0,0.0,1.0
yes/no,1.0,0.8333333333333333,-0.16666666666666674,1.0
number,1.0,1.0,0.0,1.0
other,1.0,1.0,0.0,1.0
other,1.0,1.0,0.0,1.0
other,1.0,1.0,0.0,1.0
other,0.0,0.5,0.5,1.0
yes/no,1.0,1.0,0.0,1.0
other,1.0,0.6666666666666666,-0.33333333333333337,1.0
other,1.0,0.8333333333333334,-0.16666666666666663,1.0
other,1.0,0.6666666666666666,-0.33333333333333337,1.0
other,1.0,0.08333333333333333,-0.9166666666666666,0.3333333333333333
other,1.0,0.75,-0.25,1.0
other,1.0,0.75,-0.25,1.0
other,1.0,1.0,0.0,1.0
other,1.0,0.5,-0.5,1.0
other,0.6666666666666666,0.41666666666666663,-0.25,0.6666666666666666
other,1.0,0.75,-0.25,1.0
yes/no,0.0,0.75,0.75,1.0
other,0.6666666666666666,0.3333333333333333,-0.3333333333333333,0.6666666666666666
other,1.0,0.8333333333333333,-0.16666666666666674,1.0
yes/no,1.0,1.0,0.0,1.0
other,1.0,1.0,0.0,1.0
yes/no,0.3333333333333333,0.3333333333333333,0.0,0.3333333333333333
yes/no,1.0,1.0,0.0,1.0
yes/no,1.0,0.9166666666666666,-0.08333333333333337,1.0
yes/no,1.0,0.49999999999999994,-0.5,1.0
yes/no,1.0,1.0,0.0,1.0
yes/no,1.0,0.75,-0.25,1.0
number,1.0,1.0,0.0,1.0
yes/no,1.0,1.0,0.0,1.0
number,0.0,0.25,0.25,1.0
yes/no,1.0,0.25,-0.75,0.3333333333333333
yes/no,1.0,1.0,0.0,1.0
other,1.0,1.0,0.0,1.0
other,0.0,0.0,0.0,0.0
other,0.0,0.0,0.0,0.0
other,1.0,1.0,0.0,1.0
other,0.3333333333333333,0.16666666666666666,-0.16666666666666666,0.6666666666666666
other,1.0,0.75,-0.25,1.0
yes/no,0.0,0.0,0.0,0.0
other,1.0,0.25,-0.75,1.0
other,1.0,0.75,-0.25,1.0
number,1.0,0.5833333333333333,-0.41666666666666674,1.0
other,1.0,0.49999999999999994,-0.5,1.0
yes/no,1.0,1.0,0.0,1.0
other,1.0,1.0,0.0,1.0
other,1.0,1.0,0.0,1.0
yes/no,1.0,1.0,0.0,1.0
number,1.0,0.25,-0.75,1.0
other,1.0,0.0,-1.0,0.0
yes/no,1.0,1.0,0.0,1.0
other,1.0,0.8333333333333333,-0.16666666666666674,1.0
yes/no,1.0,0.5,-0.5,1.0
other,0.3333333333333333,0.08333333333333333,-0.25,0.3333333333333333
yes/no,1.0,0.5833333333333333,-0.41666666666666674,1.0
yes/no,1.0,1.0,0.0,1.0
other,1.0,0.5,-0.5,1.0
other,0.0,0.6666666666666666,0.6666666666666666,1.0
other,1.0,0.8333333333333333,-0.16666666666666674,1.0
other,1.0,0.75,-0.25,1.0
other,1.0,0.08333333333333333,-0.9166666666666666,0.3333333333333333
other,1.0,1.0,0.0,1.0
other,1.0,1.0,0.0,1.0
number,0.0,0.5,0.5,1.0
yes/no,1.0,1.0,0.0,1.0
yes/no,1.0,1.0,0.0,1.0
yes/no,1.0,1.0,0.0,1.0
yes/no,1.0,1.0,0.0,1.0
number,0.3333333333333333,0.49999999999999994,0.16666666666666663,1.0
other,1.0,0.75,-0.25,1.0
yes/no,1.0,1.0,0.0,1.0
yes/no,1.0,1.0,0.0,1.0
other,1.0,0.75,-0.25,1.0
other,1.0,0.75,-0.25,1.0
yes/no,1.0,1.0,0.0,1.0
other,1.0,0.5,-0.5,1.0
number,1.0,1.0,0.0,1.0
number,1.0,1.0,0.0,1.0
yes/no,1.0,1.0,0.0,1.0
yes/no,1.0,1.0,0.0,1.0
other,1.0,1.0,0.0,1.0
other,0.6666666666666666,0.41666666666666663,-0.25,0.6666666666666666
other,1.0,0.5,-0.5,1.0
yes/no,1.0,0.8333333333333333,-0.16666666666666674,1.0
yes/no,1.0,1.0,0.0,1.0
number,1.0,1.0,0.0,1.0
other,1.0,0.75,-0.25,1.0
other,0.0,0.25,0.25,1.0
number,1.0,0.5833333333333334,-0.41666666666666663,1.0
other,1.0,1.0,0.0,1.0
other,1.0,0.6666666666666666,-0.33333333333333337,1.0
number,1.0,1.0,0.0,1.0
other,1.0,1.0,0.0,1.0
yes/no,1.0,1.0,0.0,1.0
other,1.0,1.0,0.0,1.0
other,1.0,0.75,-0.25,1.0
number,0.0,0.0,0.0,0.0
number,1.0,1.0,0.0,1.0
yes/no,1.0,0.5,-0.5,1.0
yes/no,1.0,1.0,0.0,1.0
other,1.0,1.0,0.0,1.0
yes/no,1.0,1.0,0.0,1.0
other,1.0,1.0,0.0,1.0
yes/no,1.0,1.0,0.0,1.0
other,1.0,1.0,0.0,1.0
yes/no,1.0,0.75,-0.25,1.0
yes/no,1.0,1.0,0.0,1.0
yes/no,1.0,1.0,0.0,1.0
yes/no,1.0,1.0,0.0,1.0
yes/no,1.0,1.0,0.0,1.0
other,1.0,1.0,0.0,1.0
yes/no,1.0,1.0,0.0,1.0
other,1.0,1.0,0.0,1.0
other,1.0,1.0,0.0,1.0
other,1.0,0.0,-1.0,0.0
other,0.0,0.25,0.25,1.0
yes/no,1.0,1.0,0.0,1.0
other,0.6666666666666666,0.6666666666666666,0.0,0.6666666666666666
other,0.3333333333333333,0.3333333333333333,0.0,0.3333333333333333
other,1.0,0.75,-0.25,1.0
other,1.0,1.0,0.0,1.0
