greedy_caption,best_of_k_caption,reference_0,clip_reward,clip_reward_mean_samples,scst_advantage,hybrid,rouge1,rougeL,meteor,cider
a man standing in the grass,green bush behind a boy,Two young guys with shaggy hair look at their hands while hanging out in the yard .,0.26713502,0.24080095,-0.026334077,0.3767870572613966,0.5,0.5,0.32877604166666663,0.20940475251355312
a metal tower,there is a man on a telephone high up in the sky,Several men in hard hats are operating a giant pulley system .,0.25164402,0.24930416,-0.0023398548,0.23516520967307453,0.2222222222222222,0.2222222222222222,0.08771929824561403,7.766742086224679e-07
a little girl in a pink dress,plants to grow inside an open chicken coop,A child in a pink dress is climbing up a set of stairs in an entry way .,0.24570636,0.25047535,0.0047689825,0.41641719993469645,0.7368421052631579,0.7368421052631579,0.551907719609583,1.392596812282029
a man on a ladder,a man on a building holding a saw,Someone in a blue shirt and hat is standing on stair and leaning against a window .,0.29298484,0.28428084,-0.008704007,0.5246698570615385,0.7692307692307693,0.7692307692307693,0.4831168831168831,1.724674065202286
two men in a kitchen,two men laugh and face to face in the kitchen,Two men  one in a gray shirt  one in a black shirt  standing near a stove .,0.31055593,0.28077352,-0.029782414,0.54436638030507,0.6666666666666666,0.6666666666666666,0.4694736842105263,1.0379955116439372
a man wearing a black shirt,a man playing guitar,Two people in the photo are playing the guitar and the other is poking at him .,0.18077652,0.20338506,0.022608534,0.1103030303030303,0.4,0.4,0.15151515151515152,0.06119636118582198
a man sitting on a chair,a man dressed as a lion,A man sits in a chair while holding a large stuffed animal of a lion .,0.22324209,0.21632329,-0.006918803,0.3152302490552071,0.6666666666666666,0.6666666666666666,0.39062499999999994,0.5357072637140178
a woman on a skateboard,young girl riding a skateboard in the parking,A girl is on rollerskates talking on her cellphone standing in a parking lot .,0.24305427,0.23854885,-0.0045054257,0.2482648192224756,0.3333333333333333,0.3333333333333333,0.14705882352941174,0.03536926265624589
a group of people standing on a sidewalk,man with black jacket walking past a girl on a sidewalk,An asian man wearing a black suit stands near a dark-haired woman and a brown-haired woman .,0.27991906,0.25354093,-0.026378125,0.410423395763874,0.42857142857142855,0.42857142857142855,0.41218637992831536,0.3009648502865593
a man doing a trick on a skateboard,a man doing a trick on a skateboard,Two men in Germany jumping over a rail at the same time without shirts .,0.29564685,0.22712974,-0.068517104,0.3214565624215065,0.13333333333333333,0.13333333333333333,0.07042253521126761,0.0010229982072019702
a group of dancers,four women is performing in a dance studio,Five ballet dancers caught mid jump in a dancing studio with sunlight coming through a window .,0.2959662,0.24241138,-0.053554833,0.36655367720668225,0.30769230769230765,0.30769230769230765,0.11764705882352941,0.13460748348414459
a group of people jumping,a group of teenagers jumping down some steps,Three young men and a young woman wearing sneakers are leaping in midair at the top of a flight of concrete stairs .,0.30075648,0.26699045,-0.03376603,0.37564872124985615,0.47058823529411764,0.23529411764705882,0.17699115044247785,0.16808369921443117
two dogs playing on the road,two dogs playing on the road,A black dog and a white dog with brown spots are staring at each other in the street .,0.31319603,0.25429577,-0.058900267,0.5196132361454446,0.5555555555555556,0.5555555555555556,0.42456140350877203,0.599825868498054
a man driving a tractor down a street,a man in a tractor parked on a road,A man with reflective safety clothes and ear protection drives a John Deere tractor on a road .,0.34443963,0.32807395,-0.016365677,0.6610326844760124,0.8,0.7000000000000001,0.6054687499999999,1.0127153367183457
a group of people standing in front of a building,a group of people standing in front of a building,Some women are standing in front of a bus with buildings behind it .,0.27512825,0.2275319,-0.04759635,0.5285878136635273,0.761904761904762,0.761904761904762,0.7282110091743119,0.7671307015213833
a woman in a black shirt,woman holding food bowl,A young woman with dark hair and wearing glasses is putting white powder on a cake using a sifter .,0.24977039,0.21934076,-0.030429631,0.2830811337381877,0.4,0.4,0.17241379310344826,0.15562392886796564
a child sitting in the grass,a young girl is sitting in a field painting a rainbow - shaped painting,A small girl in the grass plays with fingerpaints in front of a white canvas with a rainbow on it .,0.2668562,0.27732658,0.01047039,0.3580388566247322,0.4,0.4,0.33844189016602805,0.33345612874629427
a woman laying on a bench,a dog on a bench,a man sleeping on a bench outside with a white and black dog sitting next to him .,0.2790513,0.23116983,-0.04788147,0.4362148194911475,0.5555555555555556,0.5555555555555556,0.4247619047619048,0.6048247968108993
a woman sitting in a chair,a group of people sit around in a living room playing music,A group of adults  inside a home  sitting on chairs arranged in a circle  playing a type of musical instruments .,0.2850789,0.27647862,-0.008600295,0.40256920467800084,0.4,0.4,0.33844189016602805,0.11721811554222542
a woman playing a violin,music in living room,Two women  both wearing glasses  are playing clarinets and an elderly woman is playing a stringed instrument .,0.2767543,0.2536128,-0.023141503,0.3310461152942316,0.3,0.3,0.1825396825396825,0.03383301948337533
a man standing on a boat,a man standing on a boat,A person in gray stands alone on a structure outdoors in the dark .,0.2553111,0.22515795,-0.030153155,0.38599201698296015,0.5882352941176471,0.5882352941176471,0.4310344827586207,0.19110854398136384
a man walking down a street with a skateboard,a young man skateboarding down the streets,A man in a white t-shirt looks toward the camera surrounded by a crowd near a metro station .,0.25746042,0.23597527,-0.02148515,0.31200484586715715,0.4210526315789474,0.4210526315789474,0.20202020202020204,0.12422271146072913
man wearing a black shirt,a person getting a plastic glove put on another person ' s chest,A man with a goatee in a black shirt and white latex gloves is using a tattoo gun to place a tattoo on someone 's back .,0.22994864,0.25057554,0.020626903,0.28085764087534026,0.5000000000000001,0.5000000000000001,0.3034855769230769,0.2537354488118304
a group of children playing with a frc,a group of children playing with a frc,two children  a girl and a boy are practicing their writing .,0.31588966,0.24851793,-0.067371726,0.46975230913352306,0.3157894736842105,0.28571428571428575,0.41218637992831536,0.2564752158256686
a man is walking across a street with a red umbrella,paint partially on street,A man in a blue hard hat and orange safety vest stands in an intersection while holding a flag .,0.26094112,0.23287447,-0.02806665,0.33735430783285514,0.41666666666666663,0.41666666666666663,0.290625,0.09727799635877488
man wearing a hat,man wearing a hat,The man with pierced ears is wearing glasses and an orange hat .,0.29409325,0.25022972,-0.043863535,0.46663478924421153,0.6666666666666666,0.5333333333333333,0.4152960526315789,0.5182625169673694
a man painting,a man painting,A person with long gray hair has a beret with beige and white wearing a blue raincoat is painting a marketplace scenery surrounded by other artists and paintings .,0.29165196,0.24977021,-0.041881755,0.329880405492126,0.2222222222222222,0.2222222222222222,0.07246376811594203,0.1815174321556008
a large building,a reflecting image in the fountain,A man stands on one foot while holding on to a waste basket .,0.23435605,0.22787417,-0.006481871,0.17616887471874537,0.16666666666666666,0.16666666666666666,0.05952380952380952,1.600665290755668e-06
a young girl climbing on a rope,a child climbing a playground net,A small child grips onto the red ropes at the playground .,0.32950792,0.29632464,-0.033183277,0.633736451576679,0.7142857142857143,0.7142857142857143,0.6371428571428571,1.2723076520429422
a man sitting on a bus seat,a man sitting on a bus seat,Young man in jacket holding a toothpick with something on the end of it,0.29430607,0.22676012,-0.06754595,0.4366239370103373,0.4761904761904762,0.47058823529411764,0.32538659793814434,0.07758473924768608
a man holding a baseball bat on a field,a man with a baseball bat ready to swing at a ball,Young blond man in a blue and yellow jacket smiling while standing in front of a net .,0.24212536,0.22796862,-0.014156744,0.3141729759545957,0.47058823529411764,0.47058823529411764,0.3506944444444444,0.3200436538912244
a man standing next to a urde,a man standing on a roll of toilet paper,A man with a baseball cap and black jacket stands in a bathroom while holding a coffee mug .,0.26727167,0.26059806,-0.0066736042,0.3764430807637704,0.5,0.5,0.32538659793814434,0.28694205883243107
a group of people walking on a beach at sunset,a group of people walking on a beach at sunset,Five people walking with a multicolored sky in the background .,0.3279275,0.20750594,-0.12042156,0.571225500509035,0.5263157894736842,0.5263157894736842,0.5318681318681319,1.140867636758517
a man sitting in a restaurant,a man sitting in a restaurant,A man with black hair sits in a restaurant with a glass of beer .,0.2999898,0.26442993,-0.035559863,0.4965033028729545,0.6,0.6,0.42592592592592593,0.45868590587408764
a dog running in a field,a dog trying to catch a frgging fr frales on a lush green lawn,A black and white dog is running in a grassy garden surrounded by a white fence .,0.29102868,0.2450952,-0.045933485,0.4349663199672185,0.4705882352941177,0.4705882352941177,0.35714285714285715,0.6172193090807698
a police officer with a dog,a police officer with a dog,An officer in a reflective vest stands at the front of his van with his dog .,0.29291558,0.21795657,-0.07495901,0.4532552143453905,0.5333333333333333,0.5333333333333333,0.3627873563218391,0.2523719531977454
a man riding a bike down a snow covered street,a man riding a bike down a snow covered street," The "" white out "" conditions of snow on the ground seem to almost obliverate the details of a man dressed for the cold weather in a heavy jacket and red hat riding a bicycle in a suburban neighborhood .",0.36115462,0.23534368,-0.12581094,0.7388080409888187,0.761904761904762,0.761904761904762,0.7282110091743119,2.287478261172983
a man in a white shirt,a group of men,Five men  uniformly dressed in white shirts  tie and black slacks converse at the back of an open van .,0.2501005,0.23076656,-0.019333929,0.27722701417452,0.4,0.3,0.23910984848484848,0.023990527461538944
a man working in a factory,a man working in a factory,A tan man with a backwards hat looks at the camera while walking through a factory .,0.2926543,0.21815327,-0.07450104,0.4596313688898572,0.5714285714285715,0.5263157894736842,0.40487804878048783,0.5158380012179881
a man standing in front of a convey with bottles,"walter jarvis works on products at the kennedy textiles factory in maple lake, mn",A caucasian man wearing a short-sleeved black shirt and a dark-skinned woman wearing a sleeveless dress are working at a conveyor .,0.24521312,0.2510464,0.005833268,0.2745346532688814,0.37037037037037035,0.35714285714285715,0.22822085889570554,0.00478824712999738
a group of people are cleaning the ground,a group of people are cleaning the ground,Man wearing a blue and white outfit  holding a broom  with a traditional Asian architecture in the background .,0.3335405,0.25809532,-0.075445175,0.4504373978002386,0.19999999999999998,0.19999999999999998,0.18566176470588236,0.0021051152768890966
a group of people standing around a small building,a group of people standing around a small building,two men in florescent vests are standing next to parked cars in front of a small building while one of them converses with a driver and a woman on a bike is seen riding by,0.28813654,0.22429188,-0.063844666,0.340130446279954,0.27272727272727276,0.25,0.1388888888888889,0.0011411709161321117
a little girl sitting in the grass,two kids sitting in the grass,A little girl in a pink shirt and a little girl in an orange shirt sitting in the grass .,0.2663774,0.23493055,-0.031446844,0.3946072106865778,0.5384615384615384,0.5384615384615384,0.3886723228617289,0.49220794236323195
a group of people walking around a plaza,a group of people walking around a plaza,A person in tan pants is inside a silver mobile object while people watch .,0.28183025,0.20309037,-0.07873988,0.3613602665322697,0.4,0.3,0.2720905172413793,0.2895818355127121
a white robot statue,a large silver robot holding microphones,A man in black approaches a strange silver object containing a person  while many onlookers observe from behind a roped off barrier .,0.28628004,0.2625617,-0.023718327,0.30910498670640235,0.18181818181818182,0.18181818181818182,0.07462686567164178,6.954610032829904e-07
a bride and groom walking down the street,a bride and groom on a street,bride and groom walking side by side out of focus on pathway next to brick building .,0.30017895,0.26232326,-0.037855685,0.4106674126874729,0.47058823529411764,0.3333333333333333,0.2611019736842105,0.6250183812028873
a boy playing with a mcdonald mcdonald vending machine,a boy playing with a mcdonald mcdonald vending machine,A little boy plays with a Nintendo GameCube controller inside a McDonald 's .,0.34104154,0.25762212,-0.08341941,0.6158017825084066,0.6,0.6,0.5208333333333333,0.8688395875372594
a dog playing with a ball,dog playing ball in sand,White dog with brown ears standing near water with head turned to one side .,0.30860642,0.2829926,-0.025613815,0.4963366703470902,0.5263157894736842,0.5263157894736842,0.39349593495934965,0.6530521658358212
a red table,a couple are having their lunch on the picnic table,A group of people picnicking at picnic tables in front of a playground .,0.22625886,0.2118608,-0.014398053,0.17781057829344268,0.25,0.25,0.08333333333333334,1.91596772255042e-06
a man and woman sitting on a bench,a woman in sunglasses and a guy sitting on top of a bench,Two asian or spanish people  a woman and a man  sitting together in front of a glass window as cars pass .,0.30503118,0.3012668,-0.003764391,0.4913020216438102,0.4444444444444445,0.4444444444444445,0.49387755102040815,0.6807263395256301
a group of people sitting at a table,several people sitting outside eating food,Women are seated at a picnic table eating  while a man in a white t-shirt and a yellow and orange balloon design on his head stands in the background .,0.26607907,0.22735856,-0.038720503,0.35688072132338633,0.4761904761904762,0.380952380952381,0.3611940298507463,0.1557041513682351
a man in a white suit,red and blue martial mat,A young female student performing a downward kick to break a board held by her Karate instructor .,0.2270536,0.25618696,0.029133365,0.2081214528638506,0.3809523809523809,0.3333333333333333,0.14184397163120568,0.0031957496470514943
people watching a man doing a trick,red and blue circle in front of crowd,Two people are demonstrating martial arts to a crowd and jumping over three youngsters who are crouched on the mat .,0.23038255,0.24124008,0.010857537,0.26795380618141307,0.5,0.375,0.35866477272727276,0.10532385109136042
a man holding a bat,a man holding a bat,People on two balconies and a man climbing up a pipe towards the lower balcony getting liquid poured on him .,0.23259766,0.20038691,-0.032210752,0.24885609363199046,0.42857142857142855,0.42857142857142855,0.1825396825396825,0.009038779680404644
a man in a red jacket,a man in a red jacket,A man with a red jacket is shielding himself from the sun trying to read a piece of paper .,0.29638717,0.21981375,-0.07657342,0.472581005521319,0.5454545454545454,0.5454545454545454,0.40487804878048783,0.7062285921317901
a boy carrying a girl,three children crossing the street,Two men are carrying children on their backs down the street on a sunny day in a nice neighborhood .,0.23797774,0.23292527,-0.005052477,0.19682647438280487,0.25,0.2,0.08522727272727271,0.007660171002155789
a young boy is walking down the street,small boy walking on pavement,Smiling boy in white shirt and blue jeans in front of rock wall with man in overalls behind him .,0.3269769,0.31181884,-0.015158057,0.6269371117720367,0.6666666666666666,0.6666666666666666,0.6816901408450705,0.37984036998266524
a dog is sitting on a log in the grass,a dog that is standing on a log,A mottled black and gray dog in a blue collar jumping over a fallen tree .,0.28990456,0.29096195,0.0010573864,0.44726338593807513,0.47058823529411764,0.47058823529411764,0.4323630136986301,0.8310119485318122
a group of people walking across a crosswalk,a street with people standing on it,Men in the business suits are crossing the street  and there are people with placards are gathering on the street .,0.2892603,0.2739268,-0.0153335035,0.39901688857225914,0.5,0.3333333333333333,0.3362573099415205,0.2917492362778642
a man riding a bike across a bridge,a person on a bike rides over a bridge,A man in a red long-sleeved shirt bikes over a body of water on a bridge .,0.3269642,0.27767372,-0.04929048,0.5532982179890851,0.5714285714285714,0.5714285714285714,0.40888888888888886,0.5955762102450918
a man sitting on the ground,a man that is sitting down on the grass next to a bunch of hot dogs,A barefooted man wearing olive green shorts grilling hotdogs on a small propane grill while holding a blue plastic cup .,0.25723785,0.25870532,0.0014674664,0.29733747780192943,0.35714285714285715,0.35714285714285715,0.19531249999999997,0.025895059352527703
a dog running in the snow,a white and brown dog running in the snow,The white and brown dog is running over the surface of the snow .,0.3403307,0.30268055,-0.03765014,0.745205860058126,0.923076923076923,0.923076923076923,0.8534621578099838,2.706564476447303
a group of people,people on the street,Man on scooter attracts attention from some of those in large crowd .,0.25986895,0.2548666,-0.0050023496,0.3605274087807668,0.5,0.5,0.3362573099415205,0.27400686174472433
a man on skis,a man on skis,A person wearing skis looking at framed pictures set up in the snow .,0.29764578,0.2176459,-0.07999988,0.4227637992444756,0.39999999999999997,0.39999999999999997,0.28586839266450914,0.5317154118268446
a large rock wall,spectators climbing in a rock wall,Several climbers in a row are climbing the rock while the man in red watches and holds the line .,0.2939139,0.2995299,0.0056160092,0.37825635285625947,0.375,0.375,0.13392857142857142,0.2518411324162453
a woman jumping in the air,a woman jumping in the air,A young gymnast  jumps high in the air  while performing on a balance beam .,0.32269052,0.21086586,-0.11182466,0.5143670047038196,0.5,0.5,0.3378787878787879,0.1166732527097383
a man is playing with a toy in a yard,a man is playing with a toy in a yard,a boy in a black t-shirt and blue jeans is pushing a toy three wheeler around a small pool .,0.29347733,0.24077922,-0.052698106,0.4293637327666854,0.45454545454545453,0.45454545454545453,0.31525423728813556,0.3440983928164225
a truck with a load of cotton on top,a truck with a load of cotton on top,A group of people stand in the back of a truck filled with cotton .,0.37486166,0.25266474,-0.12219691,0.6044516779837081,0.631578947368421,0.34782608695652173,0.30303030303030304,1.2847149568820857
a woman on a cell,person in red jacket standing with phone,a woman with a red jacket and headscarf looks out over a scenic view of a bay through a set of pay binoculars on a viewing deck .,0.21707144,0.25074047,0.033669025,0.18582979070444872,0.35294117647058826,0.35294117647058826,0.1327433628318584,0.041679481834898675
a man standing next to a giant red car,a man standing next to a giant red car,A man in a black coat walks past a red spaceship with a parking ticket stuck to its window .,0.33264437,0.20593047,-0.1267139,0.49844030970537656,0.39999999999999997,0.39999999999999997,0.23662551440329216,0.05460657274879219
a dog running through a hose in a yard,a dog running through a hose in a yard,Large brown dog running away from the sprinkler in the grass .,0.39008236,0.27488396,-0.1151984,0.6991484126597354,0.6,0.5,0.4383680555555556,1.2755540709584583
a man and a little girl in a shopping cart,a man holding a baby in a shopping cart,A man and a little girl happily posing in front of their cart in a supermarket .,0.3319121,0.30798694,-0.023925155,0.6071213099752106,0.6923076923076923,0.6153846153846154,0.5735930735930735,0.7474099748681194
a dog running in the grass,short haired white dog running and catching in the air,A dog prepares to catch a thrown object in a field with nearby cars .,0.260085,0.25913113,-0.00095385313,0.34504522167314217,0.42857142857142855,0.42857142857142855,0.32763532763532766,0.5262510564132754
two people sitting at a table,young people sitting at a restaurant table,A man wearing a green shirt and a dark colored vest is sitting at a table with a glass of water in front of him .,0.2994301,0.25089595,-0.048534155,0.459663309926038,0.4705882352941177,0.4705882352941177,0.3779761904761905,0.6970674297840733
a dog catching a frur,dog jumping on a green field,A white dog is trying to catch a ball in midair over a grassy field .,0.30512223,0.27052936,-0.034592867,0.4622685792830824,0.5333333333333333,0.5333333333333333,0.2587090163934426,0.15260562429197813
a man and a woman hiking,snow covers a patch of ground on a mountain side,Two men are hiking in a forest where snow is partially covering the ground .,0.24006358,0.2259004,-0.014163181,0.19487811565648971,0.2,0.16666666666666666,0.08333333333333333,0.9547668908205529
a man standing in front of a wooden table,a man standing in front of a wooden table,An elderly man with facial hair and glasses  standing in his living room holding a hutch cabinet with glass doors .,0.32588643,0.2695297,-0.056356728,0.5005886610449439,0.375,0.375,0.35493827160493824,0.2201780391509797
a man sitting on the floor,men all wearing coats,two guys sitting on the floor  with the guy in the green jacket reading a piece of paper .,0.21573037,0.21089527,-0.004835099,0.28331803507484454,0.5333333333333333,0.5333333333333333,0.4561781609195403,0.7285798634634435
a man in a car,a man wearing a cap,A bearded man wearing glasses  a red shirt  and a hat is reading a map while sitting in a car .,0.23162165,0.22409543,-0.007526219,0.2994122190298544,0.5,0.5,0.3758169934640523,0.34709970669435863
a body of water,two young girls standing on top of a lush hillside overlooking of a lake,a large lake with a lone duck swimming in it with several people around the edge of it .,0.24496312,0.2539649,0.009001777,0.22418009374242015,0.3,0.23529411764705882,0.10135135135135134,0.014840936397546176
a woman sitting on the grass,two people are enjoying a picnic in the park,A couple and an infant  being held by the male  sitting next to a pond with a nearby stroller .,0.2636631,0.259871,-0.003792107,0.4123851725840255,0.5882352941176471,0.5882352941176471,0.46095238095238095,0.22930326079380914
a police car parked in a parking lot,police officers on a street,Three men are standing at night near a black car near a shelter filled with bicycles .,0.24064697,0.24740803,0.006761059,0.2434465996722492,0.4761904761904762,0.2857142857142857,0.2,0.41069972099957563
the water is wavy,black dog in water,A black lab with tags frolicks in the water .,0.21747252,0.25503218,0.03755966,0.23432816235363862,0.46153846153846156,0.4,0.32327586206896547,0.42500519445192597
a man standing on a frozen lake with a dog,men are out the precision of ice fishing,A man is drilling through the frozen ice of a pond .,0.31264883,0.26675242,-0.04589641,0.6034595779597303,0.7058823529411764,0.7058823529411764,0.700152207001522,1.1656887778130118
two dogs running on the beach,two dogs running on the beach,Two different breeds of brown and white dogs play on the beach .,0.3509194,0.3182623,-0.032657087,0.6681256518321752,0.6153846153846153,0.6153846153846153,0.6463768115942029,1.4798734648359293
ice climbing wall,man inside ice climbing,an ice climber in a blue jacket and black pants is scaling a frozen ice wall .,0.3276417,0.2710055,-0.056636184,0.5213903043630117,0.7499999999999999,0.5,0.3125,0.712365987090301
a clear blue sky,cloudless sky above a hill,Two young men and a young lady walk through a field near the water .,0.2270193,0.22996053,0.002941236,0.15553610453178754,0.15384615384615383,0.15384615384615383,0.058823529411764705,1.1780701437660219e-06
a man is shoveling snow off a street sign,a man is shoveling snow off a street sign,A man in black attire shovels snow into the street  disregarding all public safety .,0.3537849,0.26322502,-0.09055987,0.6332152524272765,0.5714285714285715,0.5714285714285715,0.48076923076923084,0.7162051489787111
a couple cutting their wedding cake,a couple cutting their wedding cake,A couple in their wedding attire stand behind a table with a wedding cake and flowers .,0.3124177,0.26468474,-0.04773295,0.6158238279113795,0.7692307692307692,0.7692307692307692,0.7014492753623188,1.776187676172741
a group of people standing in the snow,a snowboarder is escorted by his boarders,Five snowmobile riders all wearing helmets and goggles line up in a snowy clearing in a forest in front of their snowmobiles ; they are all wearing black snow pants and from left to right they are wearing a black coat  white coat  red coat  blue coat  and black coat .,0.28364068,0.26666343,-0.01697725,0.5248773160439798,0.7058823529411765,0.7058823529411765,0.66167290886392,0.6242879221275137
a dog with a frck,a black dog walking on grass with a ball in his mouth,A black dog carries a green toy in his mouth as he walks through the grass .,0.24587563,0.29770783,0.0518322,0.33119624108326695,0.5000000000000001,0.5000000000000001,0.3605769230769231,0.23330228381589505
a bunch of bananas,"an outdoor market with farmers selling herbs, carrots and other vegetables",A group of woman and children are standing or sitting in front of rows of vegetables .,0.23817028,0.31811464,0.07994436,0.2130023283707496,0.26666666666666666,0.26666666666666666,0.0970873786407767,0.001720287991978888
a crowd of people,a man in yellow is singing at the crowd,A band is playing in front of an audience and the singer is wearing an orange shirt and has tattoos on his arm .,0.22672394,0.276679,0.04995507,0.163533547749453,0.19047619047619047,0.19047619047619047,0.06578947368421052,0.009086955729902655
a boy doing a trick on a skateboard,boy performing skate trick,A young woman with short blond-hair wearing jeans and a striped long-sleeved sweater jumping in midair on a skateboard with trees in the background .,0.31655294,0.26528144,-0.0512715,0.4717023129684398,0.5555555555555556,0.4444444444444445,0.25510204081632654,0.3106233231330604
a man and a child in a kayak,a man and a child in a kayak,A man and a little boy in blue life jackets are rowing a yellow canoe .,0.31528795,0.22290291,-0.09238504,0.6154299074789555,0.7142857142857143,0.7142857142857143,0.7193548387096775,1.844613045463617
a woman and a child sitting on a bench,a woman and a child sitting on a bench,A little boy looks at the camera while a woman behind him seems to be laughing very hard and the woman on the right has a big smile on her face .,0.29705635,0.23195365,-0.0651027,0.4415677357691503,0.5,0.42857142857142855,0.3585185185185185,0.409244055757457
a group of men working on a street,a group of men working on a street,A construction site on a street with three men working .,0.28787768,0.23341659,-0.05446109,0.46540489957808306,0.6666666666666665,0.4444444444444445,0.5739795918367346,0.6030095716204299
a blue sky,chimney and roof with grey shin,Two men sitting on the roof of a house while another one stands on a ladder .,0.20597413,0.22731331,0.021339178,0.11672620817138776,0.2,0.2,0.07575757575757576,1.22018062544793e-06
a large advertisement on a wall,a large advertisement on a wall,Two men  one younger guy with a yellow shirt that has luggage and the other and older guy  are sitting on a bench in front of a large building that has a billboard for glasses and sunglasses .,0.29824096,0.23774096,-0.060499996,0.3518064554639632,0.36363636363636365,0.19047619047619044,0.13333333333333333,0.05272756017057841
a person laying on a couch in a room,the woman is relaxing on a bed with photos and art everywhere on the wall,An adult wearing a gray shirt with red sleeves sleeping on a couch .,0.28568846,0.29261437,0.0069259107,0.4211950770628041,0.7368421052631577,0.47058823529411764,0.3535353535353535,1.6036629704458378
a man holding a child,kid listening to other kids,Boy in brown shirt with headphones on sits on woman 's shoulders in a crowd .,0.2683839,0.25668833,-0.011695564,0.30689068604787106,0.26666666666666666,0.26666666666666666,0.19736842105263158,0.0824577044178635
a group of people walking down a street holding rainbow flags,people holding rainbow colored flags,During a gay pride parade in an Asian city  some people hold up rainbow flags to show support .,0.34148806,0.30791655,-0.03357151,0.7128160710197764,0.8181818181818182,0.8181818181818182,0.782267115600449,1.6204713348693986
a group of people standing around a table of fish,people shopping fish on a market stand,A young man in a blue sweater cleaning fish while three other men watch  one a man a cigarette  or match in his month .,0.3204224,0.2750592,-0.045363218,0.4099383959449685,0.24,0.24,0.10344827586206895,0.6542684360276358
a woman in a green skirt,a woman is standing up on stage with a microphone,Woman in a green dress with a white top and red-hair singing in a room with a blue roof while band equipment is being prepared .,0.29816803,0.27168787,-0.026480168,0.5314640439406774,0.6666666666666667,0.6666666666666667,0.5563218390804598,1.2703174827643076
a group of people sitting on the steps,three people sitting on steps,Four college-aged individuals - two males and two females - sitting on the concrete steps outside of a brick building,0.31720084,0.31066498,-0.006535858,0.5320743769742056,0.7000000000000001,0.5,0.4934904996481352,0.9303973321624468
two dogs playing,black labrador retrieve on right leg,The Chocolate Lab jumps too late to get the toy as the Black Lab captures it in the driveway .,0.29328585,0.2581137,-0.035172135,0.34655423777798755,0.2222222222222222,0.2222222222222222,0.1358695652173913,0.0
a boy wearing a red jacket,a boy wearing a red jacket,A young male kneeling in front of a hockey goal with a hockey stick in his right hand .,0.3053701,0.26425162,-0.041118473,0.4487275082250253,0.4444444444444444,0.4444444444444444,0.2768640350877193,0.36087366021789474
a large metal sculpture,a large sculpture of a modern abstract sculpture,The man with the backpack is sitting in a buildings courtyard in front of an art sculpture reading .,0.32466993,0.30140913,-0.023260802,0.48032569935832803,0.36363636363636365,0.36363636363636365,0.2798507462686567,0.25290954110336467
a boy wearing a red hat,boy standing behind the fence,A toddler in a blue shirt with red shorts and hat looks out from behind a fenced in area of a brick patio .,0.26672456,0.25613087,-0.0105936825,0.37557501978344454,0.4705882352941177,0.4705882352941177,0.35714285714285715,0.4201528869311564
a person sitting on a snow covered beach,a group of people standing around a small red snow camp,Two men  standing on an ice  looking into something covered with a blue tarp .,0.25172877,0.25569028,0.0039615035,0.29845623624684164,0.3478260869565218,0.3478260869565218,0.277534965034965,0.268461044923868
a woman and two dogs,a field full of grass,Three dogs are standing in the grass and a person is sitting next to them,0.25790724,0.22140403,-0.03650321,0.3090801824844166,0.42857142857142855,0.42857142857142855,0.17441860465116277,0.7426292330109251
a man walking down a street in front of tall buildings,a man walking down a street in front of tall buildings,There is a skyscraper in the distance with a man walking in front of the camera .,0.3129253,0.21463296,-0.09829235,0.6047764677854026,0.761904761904762,0.6666666666666666,0.7425742574257427,0.4927688641678891
a woman walking with a baby in a stroll,a woman in a brown dress walking with a baby,A woman wearing a brown dress with a matching turban is pushing a toddler through a park in his stroller .,0.32984406,0.30288,-0.026964068,0.5920426697521805,0.5882352941176471,0.5882352941176471,0.5506172839506173,0.45313887591374397
a fruit stand,a colorful scene of green fruits on display,A Asian male wearing a red shirt is sitting next to a grocery stand selling fruits .,0.3494781,0.2826399,-0.066838205,0.5453043553364517,0.4,0.4,0.2652652652652652,0.43596150470901474
two children sitting at a table eating food,two young kids sitting at a table eating,a young child with a Band-Aid on his head sits eating at a small white table with a little girl eating off a yellow plate .,0.33949187,0.30193618,-0.037555695,0.7544543329919275,0.9411764705882353,0.9411764705882353,0.8918539325842695,2.364668997485904
a boy eating a piece of pizza,a boy eating a piece of pizza,A small boy putting something in his mouth with both hands .,0.35331166,0.3106011,-0.042710572,0.5448372998356974,0.5,0.375,0.2410901467505241,0.35261236257675904
a man playing guitar,a man playing guitar,A man with wild hair rocks a show playing a guitar center stage .,0.28594428,0.24492803,-0.04101625,0.5143903510751676,0.7272727272727273,0.7272727272727273,0.5597014925373134,1.8444489864475115
a young boy swinging a bat at a baseball game,a young woman in a softball uniform,A person in a green outfit and helmet is swinging a baseball bat at a tennis ball in front of a fence .,0.22900063,0.2783867,0.049386084,0.23895849516336778,0.4375,0.37499999999999994,0.23057299843014128,0.17491037134436757
a man in a red kayak,a man on a boat in a lake surrounded by a sky,A man in a green shirt and red life jacket is sitting in a canoe drifting around the lake .,0.28690997,0.26909187,-0.017818093,0.4357295926019915,0.5555555555555556,0.5555555555555556,0.3263157894736843,0.1902412016447762
a man playing a guitar on stage,a man playing a guitar on stage,A man in black with long hair playing a guitar with stickers on it .,0.3293967,0.28502163,-0.044375062,0.5620511270093056,0.5714285714285714,0.5714285714285714,0.4229323308270677,1.0238441864993697
a man working on a sidewalk,a man working on a sidewalk,A man in a black shirt crouches next to a dirty unfinished concrete edge while several shovels and other tools lean against a tree nearby .,0.27138263,0.21540764,-0.05597499,0.386957822501524,0.4705882352941177,0.4705882352941177,0.35714285714285715,0.14400722601149213
a woman sitting at a table with plates of food,a woman sits at a restaurant table with food,A Caucasian young woman in a white hooded sweatshirt sits at a table set for two in a lowly lit restaurant .,0.31246915,0.2773641,-0.03510505,0.53181759299306,0.5833333333333334,0.5833333333333334,0.46668667466986796,0.37864775956009467
a woman laying on the grass,woman and child on grassy hill,A woman in a blue shirt and sunglasses lies on a red blanket in a grassy field with a bike set down next to her .,0.28078583,0.22633995,-0.054445878,0.3986266320838051,0.4705882352941177,0.4705882352941177,0.30059523809523814,0.2569757913427698
a bridge with a bird on it,the sky looks over the bridge,Someone is standing on a long bridge with a cloudy blue sky in the background .,0.28419855,0.2538525,-0.030346066,0.38827368828144904,0.5333333333333333,0.36363636363636365,0.3140845070422535,0.8762166207382504
a man taking a picture of a bride,a man taking a picture of a bride,A bride in a light pink dress poses for a picture with male relatives and is being photographed by a man in a cream shirt with white pants .,0.31085292,0.22949454,-0.08135837,0.5064916760453932,0.5263157894736842,0.5263157894736842,0.41682242990654206,0.35945921577553724
a baby standing in a field of grass,a baby standing in a field of grass,Young white boy on a grassy area with a sad expression on his face .,0.30568784,0.26264885,-0.043038994,0.5980323360327277,0.7777777777777777,0.7777777777777777,0.6861724281549355,1.1565154352172011
a man and a dog,a man and dog outdoors cooking,A man is cooking what appears to be green beans in a grill basket on a grill with a yellow lab standing by him while someone takes a picture from above .,0.26281777,0.2551735,-0.007644266,0.48367870010886416,0.7692307692307693,0.7692307692307693,0.6467532467532467,1.2995004773952705
a group of people sitting on a hill,a group of people sitting on a hill,Three people are on a hilltop overlooking a green valley .,0.3041922,0.24976474,-0.054427445,0.4505669859016636,0.5555555555555556,0.4444444444444445,0.300453514739229,0.30858786931638255
a white fence,this is a scene of a park,A group of tourists is crossing a bridge that connects a walking path to a trail of nature .,0.23289616,0.21243966,-0.020456508,0.20411400791163659,0.28571428571428575,0.28571428571428575,0.09803921568627451,0.022238759949038726
a boy in a green shirt,a boy looking at the crowd,A young boy wearing a jersey looks down over a ledge at many boats in the water .,0.22485985,0.2104346,-0.014425248,0.43264378904558515,0.8571428571428571,0.8571428571428571,0.7674501424501425,1.6574484567417938
a man and a woman sitting on a bench,two people eating on a blue cart on a city sidewalk,A older man holds an object and is looking at two young girls that sit across from him at a table that is outside .,0.29456967,0.2708505,-0.023719162,0.3757162236960236,0.35294117647058826,0.30303030303030304,0.1851851851851852,0.04456003334072668
a man and woman sitting on a bench,a man and woman sitting on a bench,A man is holding the hand of a woman up to his mouth in front of some buildings while another man looks on .,0.24618234,0.18183053,-0.06435181,0.3368462295712359,0.4761904761904762,0.4761904761904762,0.40888888888888886,0.26650976044387353
a man playing a flute,man playing bassoon,A man with glasses is sitting a chair playing the oboe while a man in a purple shirt plays percussion and spectators look on .,0.31568334,0.26901376,-0.046669573,0.6096564377595194,0.7272727272727272,0.7272727272727272,0.6726694915254237,0.8228413360582278
a group of people standing in front of a small ice house,a group of people standing in front of a small ice house,A group of 11 people in winter wear such as beanies  skiing jackets  gloves and backpacks are standing in snow paddles outside a house made of ice blocks while a person in front of the door seems to be leading them .,0.329399,0.242982,-0.08641699,0.664276354601293,0.7272727272727272,0.7272727272727272,0.778186274509804,0.99435377391657
a baseball game,baseball players playing in a baseball game on the field,A baseball player in red leaps into the air to avoid a player in blue  who is shortly behind him as he catches the ball  while other blue team members look on in the background .,0.2567201,0.23755234,-0.019167751,0.3096552552596753,0.375,0.375,0.24537037037037038,0.18967086160779317
a man riding a bike down a street,a man riding a bike down a street,A man in the foreground wearing a white shirt and black pants riding a bicycle with a basket in a busy street .,0.30407727,0.28327087,-0.020806402,0.48651925334973767,0.5714285714285714,0.5714285714285714,0.3546348314606741,0.8703953447417261
a man is working on a wall,three men working on a large red brick building,A man on a ladder is painting a brick wall in a warehouse .,0.28649607,0.25989443,-0.026601642,0.4933439008477659,0.6666666666666666,0.6250000000000001,0.5499999999999999,0.385593922785316
a man on a scr,a view from the side of a building with a man on a ladder reading a book,A man wearing a hat and a white shirt is cleaning windows .,0.23717761,0.27657562,0.039398015,0.33354566886244585,0.5454545454545454,0.5454545454545454,0.43314500941619577,0.04324204635864534
a man sitting on a train,inside the subway car,a blond-haired man with glasses and a blank tank top is sitting next to another man with glasses and headphones while sitting on a train .,0.27008373,0.233971,-0.036112726,0.3946117767451143,0.5555555555555556,0.5555555555555556,0.3263157894736843,0.26278951818913265
a woman walking across a crosswalk,the woman in the background is walking down the street,Juggling her shopping bags and Betty Boop backpack and young woman crosses a city street .,0.26452234,0.26214772,-0.0023746192,0.389832500841213,0.5,0.5,0.42592592592592593,0.9793216772584932
a man sitting on the ground,two persons watching television while sitting on ground,A young man sits on the floor by the television with a fast food meal in front of him .,0.2211191,0.20868094,-0.012438163,0.24377017699594544,0.42105263157894735,0.42105263157894735,0.3048780487804878,0.01673379074382822
a group of people sitting at a table eating,a group of people eat food in an cafeteria,Several asian people are eating together around a table .,0.29403067,0.24824455,-0.045786113,0.5409535060079098,0.6666666666666666,0.6666666666666666,0.654320987654321,1.918327693809407
a woman carrying a basket of fruit on her head,a woman carrying a basket of fruit on her head,A woman with flowers in her hair balances a large bowl of assorted fruits on her head .,0.42630866,0.30590624,-0.120402426,0.8531801531777095,0.6923076923076923,0.6923076923076923,0.5735930735930735,1.4014254576846246
a man standing in a hole,a man standing in a hole,A man wearing a gray jacket and blue work pants is standing in a hole in the ground,0.29847878,0.24761425,-0.050864533,0.6871627479876593,1.0,1.0,0.9976851851851852,1.5852452392001524
a boy on a bike,children on a bicycle,A shirtless young boy on a bicycle too big for him being supported by 3 other young shirtless boys in a grass field .,0.30286437,0.27671236,-0.026152015,0.4668181077005956,0.5,0.5,0.3423772609819121,0.4868133177106827
a man and woman cooking,smoke coming out of an old tub,A man in a bandanna and a dirty t-shirt  and a woman in a graphic t-shirt  are standing next to a oblong hole with smoke coming out .,0.24750125,0.21996298,-0.02753827,0.2466201162644298,0.3,0.2352941176470588,0.1825396825396825,0.014567661321152219
a baby in a pink and white striped sweater,a baby in a pink and white striped sweater,This little baby girl dressed whimsically in striped pantaloons is pictured so that one must ask which is bigger  her feet or her sleepy smile .,0.27905306,0.24157932,-0.03747374,0.5202209837036099,0.7058823529411765,0.7058823529411765,0.6944444444444445,1.009611977266794
a woman with a headdre,a woman with a headdre,An African individual is looking into the camera while dressed in varying beads and decorations that have a cultural relevance .,0.3015094,0.26764405,-0.033865362,0.3702137208189519,0.3,0.2222222222222222,0.1536885245901639,0.02777711209753449
a man in a black kima,the black belt on the black pants,A samurai warrior in full black dress takes his sword from the sheath on an outdoor training mat .,0.26325533,0.25794923,-0.005306095,0.34624947557073804,0.5263157894736842,0.42105263157894735,0.30243902439024395,0.07564726436257141
a group of people sitting on a wall,group of people overlooking beach,a couple of several people sitting on a ledge overlooking the beach,0.2666747,0.26910973,0.0024350286,0.5277146964342975,0.8421052631578948,0.8421052631578948,0.7469334112149533,1.8140716960517869
a group of people hiking through a narrow canyon,a group of people hiking through a narrow canyon,A group of men and women are hiking through a dried up river bed littered with large rocks  which runs between two rocky walls in a dense green forest .,0.3285357,0.23954089,-0.088994816,0.5105194161177842,0.39999999999999997,0.39999999999999997,0.3472222222222222,0.16018869666224403
a man in a suit standing in a room,a person standing in a room looking at a white wall,A man with a badge is standing on a wood floor next to a structure .,0.31168723,0.2727763,-0.038910925,0.5923425398654576,0.761904761904762,0.761904761904762,0.6002938034188035,0.4799846740143744
a group of people are cleaning a street,a group of people are cleaning a street,Two women in colorful dresses are sweeping water out of the street while a man watches .,0.2951943,0.22147496,-0.07371934,0.44775107091699107,0.42857142857142855,0.42857142857142855,0.41218637992831536,0.44564965731975986
a woman sitting on the sidewalk,a girl sitting near a brick wall in a flower filled area,Two separate women  one wearing a white top and black pants  the other wearing all black and a pair of pink flip-flops  kneel on a gray brick sidewalk path in front of green and red bushes .,0.31420672,0.29747367,-0.01673305,0.39710146730655776,0.2608695652173913,0.2608695652173913,0.09433962264150944,0.004102365535394965
a little girl running in the grass,a little girl running in the grass,A young girl wearing a multicolored holding an orange ball in her right hand walking through bright green grass behind a house,0.30131894,0.23649845,-0.0648205,0.4378695905742058,0.4545454545454545,0.4545454545454545,0.2619718309859155,0.14469460875832557
a boy sitting on the ground,small kid sitting on brick floor,A young child wearing a blue shirt and sandals playing with a red toy while sitting on the floor .,0.31074253,0.2659306,-0.044811934,0.5116672289235954,0.5714285714285715,0.5714285714285715,0.39893617021276595,0.29144836569447063
two boys on skateboards,"two boys skate on a sidewalk while a text reads dear, no is anyone",A little boy skateboarder is doing a trick on his board while another young skateboarder watches .,0.28650945,0.23601265,-0.0504968,0.48261902445755916,0.6666666666666666,0.6666666666666666,0.45454545454545453,0.024260773124975158
two children sitting in the grass,two children sitting in the grass,Two little children  one boy and one girl  laugh as they sit on the grass .,0.31451738,0.2759161,-0.03860128,0.5901855575622382,0.6153846153846153,0.6153846153846153,0.7014492753623188,1.286755291299638
a woman sitting on a bench,a person in a wheelchair is sitting in front of a truck,Young woman holding a bottle  reaching out from a bench to shake a man 's hand .,0.23383082,0.23893894,0.005108118,0.3256707029175051,0.5555555555555556,0.5555555555555556,0.42456140350877203,0.5100926861333672
a man in a black suit,a person in a vehicle on a cell phone,Man talking on a microphone and a crowd of people in front of him .,0.21895382,0.23517035,0.016216531,0.27251692599050603,0.5333333333333333,0.5333333333333333,0.3627873563218391,0.07342307661273154
a woman paddles a canoe,a woman is paddling across a body of water,A girl paddling down a large river  as seen from behind her .,0.2892519,0.21864015,-0.070611745,0.514405145752345,0.8000000000000002,0.6153846153846154,0.6312500000000001,0.9148655964056945
a girl in the water,a picture of a little girl in water,a girl with pigtails is playing in the ocean by the beach .,0.26232734,0.23240098,-0.02992636,0.4802482520878703,0.7692307692307693,0.7692307692307693,0.635593220338983,1.2010300446654694
a man in a red coat jumping in the air,a woman jumping with books on her back,A woman in jeans and a red coat and carrying a multicolored handbag spreads put her arms while leaping up from a cobblestone street .,0.34141624,0.26230615,-0.079110086,0.5958359068718876,0.5263157894736842,0.5263157894736842,0.49010989010989015,0.6495683360311245
a couple sitting at a table with food,a man and woman are standing at a restaurant table,Two people sitting beside each other at a table with food on it smiling .,0.30438304,0.27115965,-0.03322339,0.5501830305064366,0.6666666666666665,0.6666666666666665,0.5739795918367346,0.8530808787889985
a white plate with food on it,white table with various plates,White wine and appetizers on are displayed in an upscale restaurant .,0.2558789,0.24471506,-0.011163831,0.303525563494378,0.5,0.3,0.30000000000000004,0.16026723864257617
a group of people playing a game on a bed,three young children playing in their room while the girl is standing on his head,A group of four children wearing pajamas have a pillow fight .,0.28556988,0.28643405,0.00086417794,0.5058715058152448,0.6666666666666666,0.6666666666666666,0.582287961055982,0.5461665717483412
a man on a ledge,several people standing on roof,Two construction workers are sitting up on the side of a building .,0.25091124,0.22524543,-0.025665805,0.3051874024644254,0.4,0.4,0.2690058479532163,0.012631730105792986
a young boy in a kitchen,a young boy in a kitchen,A smiling little boy holds a hand mixer in a bowl .,0.30709398,0.25737953,-0.049714446,0.4683231356084822,0.5,0.4705882352941177,0.32763532763532766,0.30931937883918964
a clear blue sky,a boy playing in puddles,Two boys  one with a yellow and orange ball  play in some water in front of a field .,0.21771161,0.22404031,0.006328702,0.14749862465045394,0.2,0.2,0.08620689655172413,4.177039335508936e-07
a woman is taking a picture of a car,an older lady in blue top and white shorts standing on a street corner,A woman with blond-hair wearing a blue tube top is waving on the side of the street .,0.2832285,0.25111616,-0.03211233,0.39833214465763117,0.4210526315789474,0.4210526315789474,0.3188131313131313,0.19529238526882098
a little boy sitting on a couch reading a book,a little boy sitting on a couch reading a book,A young girl sits on a seat and looks at a train pamphlet .,0.29540768,0.20331909,-0.092088595,0.49678709381870856,0.5454545454545454,0.5454545454545454,0.537876167416119,0.2619463715446678
two women sitting on a chair,two women sitting on a chair,Two Asian girls laughing  as the girl on the right holds an instrument .,0.28397214,0.24414116,-0.039830983,0.4626158071155695,0.5714285714285715,0.5714285714285715,0.48076923076923084,0.5742571780108312
a group of people running down a street,a group of people running in a park,Several people jogging outside on a sunny day in what seems to be a neighborhood  could be part of a marathon .,0.28256285,0.25728452,-0.02527833,0.4437144776801727,0.5,0.5,0.47491039426523296,0.41431718532384615
a dog is laying on the beach,a dog is laying on the beach,Two dogs run towards each other on a rocky area with water in the background .,0.34047437,0.24969696,-0.09077741,0.5558229138159471,0.6153846153846153,0.5,0.3278688524590164,0.46739438375056597
a man jumping off a diving board into a pool,a man jumping off a diving board into a pool,A kid jumps off the diving board and into the swimming pool below .,0.34711403,0.23854297,-0.10857105,0.687725657894688,0.761904761904762,0.761904761904762,0.6443520642201835,2.4357280226967863
a woman is standing in front of a building,a woman that is reaching towards a doorway,A guy stands by a window taking his overshirt off .,0.25168073,0.22273141,-0.02894932,0.27061255749012675,0.380952380952381,0.3157894736842105,0.17094017094017094,0.002843614146788615
a dog running on the beach,white dog running on beach,A white dog is running down a rocky beach .,0.33306614,0.29813188,-0.034934253,0.6945715783529061,0.8571428571428571,0.8571428571428571,0.754985754985755,1.5722235164504115
a man in a barrel,a man sitting inside a barrel in a bath,A young man is bathing  with only his shorts on  in a large wooden pale .,0.29369342,0.31518787,0.021494448,0.4964113841730137,0.6153846153846154,0.6153846153846154,0.48701298701298706,0.028958420830719922
a tree with no leaves,a blue and yellow bus,A person is sleeping on a bench on the sidewalk  across the street from a bus stop .,0.2188645,0.27020353,0.05133903,0.15044696397472923,0.21052631578947364,0.21052631578947364,0.07633587786259541,0.0003813847234521481
two children playing in the shade of a tree,two children are climbing up a tree,Two young girls are playing in the forest ; the younger one is climbing a short tree and is about 2 feet off the ground .,0.3312359,0.347291,0.016055107,0.49435358948776753,0.3846153846153846,0.36363636363636365,0.26976495726495725,0.27903867392920695
a man sleeping in a car,a man sleeping in the back seat of a car,It looks as though a soldier is sleeping in a car on his way home after a deployment .,0.3139673,0.27326968,-0.040697604,0.570072237972303,0.6666666666666667,0.6666666666666667,0.5563218390804598,1.2599590297852217
a woman sleeping in a car,a woman sleeping in a car,Pink shirted woman sleeping in a car with blue and white blanket on her .,0.32235798,0.26573324,-0.05662474,0.5779961862191052,0.6666666666666666,0.6666666666666666,0.4934210526315789,1.0414087646551198
a man in a kitchen,a man holding a brush on a kitchen stove,One man wearing a white shirt is flipping a pancake by flinging it into the air .,0.29532078,0.29235917,-0.0029616058,0.4633963542125551,0.5882352941176471,0.5882352941176471,0.3292035398230089,0.35122009279806216
a group of firemen standing in the street,several firefighters are gathered on a street in the dark,Firefighters converse with a man at the scene of an emergency .,0.31970462,0.282642,-0.037062615,0.41385802777155845,0.3157894736842105,0.2105263157894737,0.16129032258064518,0.1939830047269356
a fire truck is parked in the street,firefighters at a street scene with multi colored light flare,A few firefighters  wearing black  yellow  and pink jackets  standing next to a firetruck .,0.2777986,0.27851677,0.00071817636,0.27972049864348814,0.22222222222222224,0.11111111111111112,0.10204081632653061,6.027586895752877e-05
a group of people on the beach,two people with hats are on the beach preparing to collect something in the ocean,A man is kneeling down with a child on a beach where bright blue and red boats are stationed in the background .,0.26779708,0.23864785,-0.029149234,0.4142530784557206,0.5333333333333333,0.5333333333333333,0.4746835443037974,0.9988112754052223
a man in a red helmet,a man in a red helmet,A man in an orange hard hat and vest looks at an object in his hand while the man next to him stands on a ladder in order to reach the ceiling .,0.2625127,0.23230107,-0.030211642,0.28252032151244766,0.28571428571428575,0.28571428571428575,0.12820512820512822,8.296904702794503e-05
a man sitting in a booth with a large amount of magazines,a man sitting in a booth with a large amount of magazines,A newsstand so packed with magazines  candy and coke-a-cola products that the smiling woman working behind the counter is easy to miss .,0.34927854,0.29912087,-0.050157666,0.5676795679456323,0.4444444444444444,0.4444444444444444,0.33513513513513515,0.20144935480212972
a man standing in a large tunnel,view looking down on workers in a sand quarry,A large earth moving machine creating a track with a man watching it closely with what looks like surveying equipment .,0.21803977,0.26349622,0.045456454,0.26249637921287833,0.47058823529411764,0.47058823529411764,0.38659793814432986,0.03340460704865189
a man sitting in a kitchen,two men prepare dough for a meal,A man sitting down with this head resting on his fists next to a man with his eyes closed and his together with dough sitting on a table in front of them both .,0.30242118,0.28841838,-0.0140028,0.4303478790118155,0.3529411764705882,0.3529411764705882,0.3125,0.08606003423148867
a group of people sitting on rocks by the water,a group of people sitting at the edge of a beach,Four men are sitting near a tree talking while another stands looking at a body of water and another is rowing a boat .,0.29747355,0.24156529,-0.055908263,0.4312068346068537,0.5,0.41666666666666663,0.31352124183006536,0.3324074851811558
a boy standing in the water,a young boy is running in the ocean,A young boy in swimming trunks is walking with his arms outstretched on the beach .,0.29275048,0.25877178,-0.0339787,0.43938282262024025,0.5,0.5,0.32877604166666663,0.2766951921733004
a clear blue sky,a skier coming down a steep mountain,A skier is overlooking the beautiful white snow covered landscape .,0.2388657,0.2556456,0.0167799,0.19919228255696317,0.2,0.2,0.08620689655172413,1.0700785058864284e-06
a man riding a bike down a street,men moving the load to harvest in a small area,Kids riding on their bicycles near a mound of dirt with a hovel from a backhoe in front of the mound .,0.2616832,0.26949376,0.007810563,0.31930307314596096,0.4210526315789474,0.4210526315789474,0.18691588785046728,0.3217533636710909
a group of cyclists,a group of cyclists,A bunch of people in racing gear and helmets racing bicycles around a corner on wet pavement .,0.27914006,0.18457182,-0.09456824,0.32966761775247894,0.3529411764705882,0.23529411764705882,0.21120293847566574,0.01718968718562665
a man riding a bike,children riding bicycles,A boy in a pink T-shirt is riding a bike over a sand pile while two others are riding in the street .,0.2695598,0.22998941,-0.03957039,0.3174567078415548,0.4615384615384615,0.3076923076923077,0.1948051948051948,0.14815747072641774
a man is picking a plant,men working with plants,Elderly man with cane bends down to look at some plants and is steadied from behind .,0.26604116,0.23024587,-0.035795286,0.3042398099580536,0.3478260869565218,0.3478260869565218,0.13157894736842105,0.014770856800831036
a group of surgeons,surgeons performing a treatment,A male surgeon wearing a red cap and teal scrubs performing surgery with two other men wearing teal scrubs .,0.31379426,0.28775358,-0.026040673,0.418034158827494,0.3333333333333333,0.3333333333333333,0.13157894736842105,5.457161845318793e-07
a dog catching a frur,a dog catching a frur,A black and white dog is attempting to catch a yellow and purple object in a low cut yard .,0.30068424,0.2595958,-0.041088432,0.5366425857248073,0.6666666666666666,0.6666666666666666,0.551470588235294,0.19538836252939087
a man laying on the ground,a man laying on the ground,A man lies on a mat in a parking lot between a brown SUV and a yellow pickup with an open door .,0.2973973,0.24005558,-0.05734171,0.4507380966949667,0.5,0.5,0.32877604166666663,0.46504543874965676
