,BLIP-base,BLIP-large,ViT-GPT2,GIT-base,Qwen2-VL-2B
0.0,0.44729347837805955,0.49869899922746214,0.39335448722864064,0.5134022261019849,0.6006037856268464
0.1,0.4448242251070888,0.49422223259629505,0.3939402713194346,0.5064919428548155,0.5938276568153661
0.2,0.4423549718361181,0.489745465965128,0.3945260554102285,0.49958165960764606,0.5870515280038857
0.3,0.4398857185651474,0.48526869933396083,0.39511183950102235,0.4926713763604766,0.5802753991924053
0.4,0.43741646529417666,0.48079193270279386,0.3956976235918163,0.4857610931133072,0.5734992703809252
0.5,0.4349472120232061,0.4763151660716267,0.39628340768261017,0.4788508098661378,0.5667231415694448
0.6,0.4324779587522353,0.4718383994404597,0.39686919177340413,0.47194052661896835,0.5599470127579644
0.7,0.4300087054812646,0.4673616328092926,0.39745497586419803,0.46503024337179893,0.5531708839464841
0.8,0.4275394522102938,0.4628848661781255,0.3980407599549919,0.4581199601246296,0.5463947551350039
0.9,0.4250701989393231,0.45840809954695844,0.39862654404578585,0.4512096768774601,0.5396186263235235
1.0,0.4226009456683525,0.45393133291579135,0.3992123281365798,0.44429939363029064,0.5328424975120432
