rouge1,rouge2,rougeL,bleu,meteor,bertscore_f1,ppl,len_words,corpus_bleu,model,rm_greedy,rm_sample_mean,rm_advantage,hybrid
0.391304347826087,0.27941176470588236,0.2898550724637681,0.1510385546636797,0.5922100547536088,0.42589107,1.7352033868152916,104,0.048219627087381485,Qwen2.5-1.5B-Instruct,4.593064785003662,3.681729555130005,-0.9113352298736572,0.7123945794981398
0.2905982905982906,0.10434782608695652,0.23931623931623935,0.05603973822097402,0.21504327135983908,0.22057578,1.9492825762475594,74,0.048219627087381485,Qwen2.5-1.5B-Instruct,4.607259750366211,3.5775058567523956,-1.0297538936138153,0.6290591050708788
0.2982456140350877,0.16071428571428573,0.1754385964912281,0.04681045510131682,0.3555934168232835,0.19873978,1.9258536834812536,78,0.048219627087381485,Qwen2.5-1.5B-Instruct,0.1554165631532669,0.5008727684617043,0.34545620530843735,0.30163845762329194
0.3106796116504854,0.0396039603960396,0.1747572815533981,0.03249389092907548,0.21430986617312076,0.2487514,1.767713896841108,60,0.048219627087381485,Qwen2.5-1.5B-Instruct,4.062119483947754,2.9770803451538086,-1.0850391387939453,0.5831213432917449
0.2898550724637681,0.029850746268656723,0.20289855072463767,0.019548228040884682,0.13580246913580246,0.18677005,2.761188601173739,27,0.048219627087381485,Qwen2.5-1.5B-Instruct,3.0667524337768555,4.235252022743225,1.1684995889663696,0.49330045760726293
0.27999999999999997,0.12244897959183672,0.18,0.02828363481927908,0.3464992389649924,0.23760065,2.00364229914673,75,0.048219627087381485,Qwen2.5-1.5B-Instruct,1.9392746686935425,3.043251097202301,1.1039764285087585,0.4403430638570011
0.46017699115044247,0.23423423423423423,0.3185840707964602,0.21695478486860373,0.3422937038295516,0.4032792,1.6991807806657593,59,0.048219627087381485,Qwen2.5-1.5B-Instruct,4.22503137588501,3.250974476337433,-0.9740568995475769,0.6522157400041659
0.28865979381443296,0.08421052631578947,0.18556701030927836,0.021303938884645178,0.23618244625244308,0.27621362,1.5419430789980173,52,0.048219627087381485,Qwen2.5-1.5B-Instruct,4.295317649841309,3.1667609810829163,-1.1285566687583923,0.6086746831920121
0.3103448275862069,0.10714285714285714,0.20689655172413793,0.0381671263989938,0.21953030724960554,0.3175735,2.3348557242888144,32,0.048219627087381485,Qwen2.5-1.5B-Instruct,3.692619800567627,3.353739708662033,-0.33888009190559387,0.5694963933922628
0.3333333333333333,0.15625,0.2727272727272727,0.03221733470385022,0.4075365835165668,0.34480864,2.693809508806414,47,0.048219627087381485,Qwen2.5-1.5B-Instruct,3.3683154582977295,2.986235797405243,-0.3820796608924866,0.5825883752230614
0.28571428571428575,0.05825242718446602,0.20952380952380956,0.027284676008861194,0.3024390243902439,0.2707495,2.11435321688635,70,0.048219627087381485,Qwen2.5-1.5B-Instruct,2.7205610275268555,3.4259084463119507,0.7053474187850952,0.5015693103520312
0.19047619047619047,0.024390243902439025,0.09523809523809523,0.01674884253404344,0.14084507042253522,0.06513401,2.3867493928121806,57,0.048219627087381485,Qwen2.5-1.5B-Instruct,1.4942221641540527,2.7299641370773315,1.2357419729232788,0.3451620612370499
0.38983050847457623,0.13793103448275862,0.2711864406779661,0.03981937602553049,0.3753734093730602,0.36375046,1.6100923494929311,86,0.048219627087381485,Qwen2.5-1.5B-Instruct,4.512350082397461,3.7878132462501526,-0.7245368361473083,0.6666395568041618
0.1217391304347826,0.0,0.08695652173913043,0.00879431606923627,0.08565310492505354,0.10332177,2.1767695623103847,68,0.048219627087381485,Qwen2.5-1.5B-Instruct,4.282249927520752,2.0479431748390198,-2.234306752681732,0.55142123639257
0.225,0.07692307692307693,0.2,0.016262850471799456,0.33089981006647673,0.17484944,1.8810992666940813,59,0.048219627087381485,Qwen2.5-1.5B-Instruct,2.8558473587036133,2.087058864533901,-0.7687884941697121,0.5014796852844936
0.256,0.016260162601626018,0.128,0.014636110213521639,0.19398356958762886,0.30363807,2.713693347635675,76,0.048219627087381485,Qwen2.5-1.5B-Instruct,1.221851110458374,1.6529803276062012,0.43112921714782715,0.36793652690440937
0.21848739495798322,0.05128205128205129,0.15126050420168066,0.03345448799358043,0.24039691064395682,0.12222935,1.8892034917230083,84,0.048219627087381485,Qwen2.5-1.5B-Instruct,2.3602406978607178,3.325740098953247,0.9654994010925293,0.4386335690693308
0.22018348623853212,0.056074766355140186,0.1651376146788991,0.018115616562596158,0.17021512530494567,0.10602699,2.772699530608879,60,0.048219627087381485,Qwen2.5-1.5B-Instruct,4.660182476043701,3.585067868232727,-1.0751146078109741,0.6018976010459781
0.2096774193548387,0.04918032786885246,0.14516129032258066,0.039421720916198735,0.2319874695440306,0.18189041,1.6153544155425812,96,0.048219627087381485,Qwen2.5-1.5B-Instruct,3.9774742126464844,3.752402901649475,-0.22507131099700928,0.5662529847372857
0.23140495867768593,0.06722689075630252,0.18181818181818182,0.030957434758653136,0.24913861648555527,0.17538624,1.8802769176449703,86,0.048219627087381485,Qwen2.5-1.5B-Instruct,5.051480770111084,4.566421985626221,-0.4850587844848633,0.6533142589201367
0.1702127659574468,0.02173913043478261,0.1276595744680851,0.021757005275562794,0.10471204188481675,0.08243259,2.699979314103897,55,0.048219627087381485,Qwen2.5-1.5B-Instruct,-0.48273012042045593,0.7061245199292898,1.1888546403497458,0.19832747015717866
0.203125,0.031746031746031744,0.125,0.014577699090327887,0.16999081820036724,0.19147877,2.2916685979371745,85,0.048219627087381485,Qwen2.5-1.5B-Instruct,4.5594892501831055,2.086252748966217,-2.4732365012168884,0.600338501873753
0.19161676646706588,0.03636363636363636,0.10778443113772455,0.011814429857509754,0.19708737196199966,0.087363794,1.9104786790316701,120,0.048219627087381485,Qwen2.5-1.5B-Instruct,2.3475074768066406,1.601619392633438,-0.7458880841732025,0.42145600764923125
0.2857142857142857,0.16793893129770993,0.16541353383458646,0.0668067879406476,0.35525321239606955,0.32508063,1.5673850388647783,99,0.048219627087381485,Qwen2.5-1.5B-Instruct,3.8692197799682617,3.1701194047927856,-0.6991003751754761,0.5963411411842349
0.36,0.10204081632653061,0.16,0.032877588232977206,0.4994066455696203,0.32215574,1.5379478750732494,71,0.048219627087381485,Qwen2.5-1.5B-Instruct,4.138577461242676,3.177780717611313,-0.9607967436313629,0.6347026978095632
0.2222222222222222,0.01324503311258278,0.13071895424836602,0.010522916055238552,0.21442495126705655,0.15851322,2.0582193506029856,107,0.048219627087381485,Qwen2.5-1.5B-Instruct,2.9620630741119385,1.7231328040361404,-1.238930270075798,0.48252038313152984
0.28571428571428575,0.05454545454545455,0.23214285714285715,0.018906390691254313,0.3261018029502823,0.21399249,1.856127236326454,87,0.048219627087381485,Qwen2.5-1.5B-Instruct,4.925042629241943,4.635510444641113,-0.2895321846008301,0.6659266450305243
0.15151515151515152,0.03125000000000001,0.15151515151515152,0.010312019115847757,0.10683760683760685,0.16582544,2.088109607019641,44,0.048219627087381485,Qwen2.5-1.5B-Instruct,1.1238346099853516,1.844772357493639,0.7209377475082874,0.3337075828278905
0.19199999999999998,0.032520325203252036,0.16,0.03107918610981643,0.21035598705501615,0.17874339,2.435678762034933,97,0.048219627087381485,Qwen2.5-1.5B-Instruct,2.8646020889282227,4.9984540939331055,2.133852005004883,0.4812513008357089
0.2545454545454546,0.14814814814814814,0.1818181818181818,0.05592798882993181,0.3263799283154122,0.201362,2.156676794252375,82,0.048219627087381485,Qwen2.5-1.5B-Instruct,4.605432510375977,4.049634099006653,-0.5557984113693237,0.6335383581719645
0.42268041237113396,0.20833333333333334,0.23711340206185566,0.14287072362177825,0.41194255479969766,0.3032644,1.3062454566732005,135,0.048219627087381485,Qwen2.5-1.5B-Instruct,4.862835884094238,3.215826988220215,-1.6470088958740234,0.6852604418154946
0.1142857142857143,0.014492753623188406,0.07142857142857142,0.009167986031512037,0.14189604535209344,0.020035585,2.486385132625745,97,0.048219627087381485,Qwen2.5-1.5B-Instruct,0.6204243302345276,0.5644771009683609,-0.05594722926616669,0.27041397993806154
0.2653061224489796,0.16666666666666669,0.22448979591836737,0.07987346684268201,0.47459533473519483,0.26276028,1.7706801655970996,78,0.048219627087381485,Qwen2.5-1.5B-Instruct,5.004533767700195,4.7497488260269165,-0.2547849416732788,0.697184651100311
0.2280701754385965,0.05357142857142857,0.17543859649122806,0.023547002183387594,0.2449557131831379,0.24364114,2.4774660357767524,86,0.048219627087381485,Qwen2.5-1.5B-Instruct,3.2908787727355957,3.6982327103614807,0.407353937625885,0.5286276711421389
0.41818181818181815,0.20370370370370372,0.36363636363636365,0.15022943536346836,0.43732193732193736,0.26797682,1.9179669415090572,72,0.048219627087381485,Qwen2.5-1.5B-Instruct,4.898347854614258,4.538086175918579,-0.3602616786956787,0.7034792056954117
0.3548387096774194,0.13114754098360656,0.27419354838709675,0.0798314279354413,0.39784663865546216,0.31537187,2.008303909523299,78,0.048219627087381485,Qwen2.5-1.5B-Instruct,3.0793042182922363,3.256530374288559,0.17722615599632263,0.5558363524338492
0.23255813953488372,0.015748031496062992,0.13953488372093023,0.013533918776510159,0.19950124688279303,0.2159483,2.165530662319128,95,0.048219627087381485,Qwen2.5-1.5B-Instruct,0.3999846279621124,1.3824666142463684,0.982481986284256,0.29672244345987536
0.3304347826086957,0.035398230088495575,0.1739130434782609,0.021083354654015455,0.27424609690619545,0.2814157,2.38963705199277,72,0.048219627087381485,Qwen2.5-1.5B-Instruct,4.662062168121338,3.3185517489910126,-1.3435104191303253,0.6404649488359372
0.24427480916030533,0.031007751937984496,0.13740458015267176,0.012268373091802487,0.2245394540572792,0.1580979,2.1948609284860123,95,0.048219627087381485,Qwen2.5-1.5B-Instruct,3.9120047092437744,3.9465892910957336,0.03458458185195923,0.5561307280566679
0.15533980582524273,0.039603960396039604,0.11650485436893206,0.02234762800908285,0.1607717041800643,-0.009879,1.8751947766450323,72,0.048219627087381485,Qwen2.5-1.5B-Instruct,4.9678473472595215,4.903918266296387,-0.06392908096313477,0.6031503677134443
0.24242424242424246,0.16494845360824742,0.24242424242424246,0.09401875014979906,0.378942987931752,0.27295113,1.8157006546991787,75,0.048219627087381485,Qwen2.5-1.5B-Instruct,3.6458163261413574,2.523597329854965,-1.1222189962863922,0.5860196615037634
0.13913043478260867,0.0,0.10434782608695653,0.009006379472640174,0.09708737864077671,-0.025035651,2.0699771578966986,65,0.048219627087381485,Qwen2.5-1.5B-Instruct,1.9568933248519897,0.08335438929498196,-1.8735389355570078,0.36664584458308014
0.33707865168539325,0.16091954022988506,0.24719101123595505,0.06321921778659126,0.4411070411070412,0.3325539,1.516374910548017,65,0.048219627087381485,Qwen2.5-1.5B-Instruct,5.025209903717041,4.436586499214172,-0.5886234045028687,0.7066068187007118
0.495575221238938,0.21621621621621623,0.26548672566371684,0.11921021048979318,0.5740184757505774,0.48790526,1.9271953549226055,70,0.048219627087381485,Qwen2.5-1.5B-Instruct,5.412285804748535,4.1610302329063416,-1.2512555718421936,0.7765853591064256
0.23762376237623764,0.04040404040404041,0.1386138613861386,0.017915178390041142,0.29922027290448344,0.24324772,1.8619089838927805,78,0.048219627087381485,Qwen2.5-1.5B-Instruct,2.4527437686920166,2.0989489257335663,-0.3537948429584503,0.46788151325297217
0.34782608695652173,0.2,0.3260869565217391,0.06649853592601068,0.5,0.29257667,1.7974432220380705,65,0.048219627087381485,Qwen2.5-1.5B-Instruct,4.503629684448242,2.2622762322425842,-2.241353452205658,0.6804309830665886
0.21686746987951808,0.07407407407407406,0.14457831325301204,0.04383605066407952,0.23651945186882187,0.13512048,2.588186139898383,56,0.048219627087381485,Qwen2.5-1.5B-Instruct,4.6658782958984375,4.160001814365387,-0.5058764815330505,0.6123043358584646
0.13043478260869565,0.0,0.11594202898550725,0.005588869029884429,0.14550264550264552,0.092912674,2.449138808226651,105,0.048219627087381485,Qwen2.5-1.5B-Instruct,1.2995564937591553,1.4813009798526764,0.18174448609352112,0.3376105891118735
0.21782178217821782,0.0202020202020202,0.1386138613861386,0.04191056758684489,0.1780821917808219,0.1999649,1.7504567256650494,66,0.048219627087381485,Qwen2.5-1.5B-Instruct,2.490818977355957,2.2130613029003143,-0.2777576744556427,0.44882158482245504
0.21311475409836067,0.08333333333333333,0.14754098360655737,0.04244198361072876,0.2817251061498424,0.12926434,2.128079006600882,99,0.048219627087381485,Qwen2.5-1.5B-Instruct,1.1686124801635742,2.050005756318569,0.881393276154995,0.354988042327819
0.20238095238095238,0.08433734939759037,0.15476190476190477,0.019744654240195933,0.29071969696969696,0.26046154,1.8329397334018267,132,0.03908127368405295,SmolLM2-135M-Instruct,2.7997050285339355,2.657707452774048,-0.1419975757598877,0.49728422020620233
0.31034482758620696,0.10465116279069767,0.19540229885057472,0.06773787246748297,0.40944370026002685,0.22897327,1.5724271595320527,126,0.03908127368405295,SmolLM2-135M-Instruct,2.908097982406616,0.017963868071092293,-2.890134114335524,0.5224843903316907
0.3088235294117647,0.11940298507462688,0.1911764705882353,0.0343283192330729,0.3709063753706611,0.1942366,1.9323151128629532,98,0.03908127368405295,SmolLM2-135M-Instruct,-2.5621883869171143,-2.2064254954457283,0.35576289147138596,0.10084259364245043
0.3559322033898305,0.13793103448275862,0.288135593220339,0.07161386728190522,0.31691090533129557,0.28475344,1.6340436243307783,73,0.03908127368405295,SmolLM2-135M-Instruct,2.472456455230713,0.41477297991514206,-2.057683475315571,0.4971927801664355
0.49572649572649574,0.19130434782608696,0.18803418803418803,0.08474783504365009,0.446701005641403,0.410549,1.6280659607079861,75,0.03908127368405295,SmolLM2-135M-Instruct,3.762115716934204,1.3566205948591232,-2.405495122075081,0.6148929431285226
0.19736842105263158,0.08,0.14473684210526316,0.016540073348280747,0.34037745276162795,0.16858433,1.9208217988515044,123,0.03908127368405295,SmolLM2-135M-Instruct,-2.3742778301239014,-1.9647907614707947,0.4094870686531067,0.10128873113574756
0.3647058823529411,0.05952380952380952,0.2235294117647059,0.02679599700754914,0.2899271309177741,0.28725877,1.67376756790941,115,0.03908127368405295,SmolLM2-135M-Instruct,1.5757927894592285,0.990817978978157,-0.5849748104810715,0.41789507357786937
0.25925925925925924,0.0625,0.14814814814814817,0.010376071869104173,0.20428015564202337,0.21105665,1.8917339622052793,111,0.03908127368405295,SmolLM2-135M-Instruct,0.15442083775997162,-1.232520930469036,-1.3869417682290077,0.2793920105489907
0.22929936305732485,0.09032258064516129,0.14012738853503184,0.033796730372764434,0.35045662100456626,0.23710977,1.299289535995507,130,0.03908127368405295,SmolLM2-135M-Instruct,0.2621644139289856,2.0743008852005005,1.812136471271515,0.30938771339835136
0.2650602409638554,0.1728395061728395,0.2650602409638554,0.08518452753849286,0.292245472129418,0.30093673,1.8107254908683732,62,0.03908127368405295,SmolLM2-135M-Instruct,1.8266198635101318,-1.0738014224916697,-2.9004212860018015,0.44442493713012055
0.4166666666666667,0.0851063829787234,0.2708333333333333,0.03687157693493516,0.35305555555555557,0.38453686,1.3210743845688357,61,0.03908127368405295,SmolLM2-135M-Instruct,3.1315016746520996,2.91753351688385,-0.2139681577682495,0.5625628825720295
0.14965986394557823,0.041379310344827586,0.12244897959183675,0.046425182316749,0.2126360870957413,0.16071165,1.7533373927127003,117,0.03908127368405295,SmolLM2-135M-Instruct,-0.41506439447402954,-0.9226914942264557,-0.5076270997524261,0.22754756122535896
0.3243243243243243,0.12328767123287672,0.2027027027027027,0.03800896925716613,0.46510327176403216,0.254782,1.674764610088568,113,0.03908127368405295,SmolLM2-135M-Instruct,2.221792459487915,1.0062637627124786,-1.2155286967754364,0.48271719845994
0.1142857142857143,0.011560693641618497,0.06857142857142857,0.009313985864710082,0.1400089605734767,0.0010142812,1.861070841583397,121,0.03908127368405295,SmolLM2-135M-Instruct,-0.8013954162597656,-0.23384349793195724,0.5675519183278084,0.16033922493123276
0.15686274509803924,0.08,0.1372549019607843,0.021915901348282203,0.29924852388620504,0.107348524,2.2310751922340435,86,0.03908127368405295,SmolLM2-135M-Instruct,-0.22920945286750793,-1.1594329699873924,-0.9302235171198845,0.24792927958633215
0.2,0.02247191011235955,0.1,0.011942659683817998,0.20226736431722586,0.1950623,2.44992897969009,129,0.03908127368405295,SmolLM2-135M-Instruct,0.15587519109249115,0.8666644021868706,0.7107892110943794,0.270680656812082
0.13698630136986303,0.027777777777777783,0.08219178082191782,0.013523526144500869,0.1732035732916015,-0.121227086,1.437300816307845,108,0.03908127368405295,SmolLM2-135M-Instruct,1.4153459072113037,1.5828187763690948,0.16747286915779114,0.33312181291192755
0.2099447513812155,0.0558659217877095,0.14364640883977903,0.020323216823919063,0.2787994173048909,0.05503676,1.7350119555136938,129,0.03908127368405295,SmolLM2-135M-Instruct,2.3992090225219727,1.5919158197939396,-0.8072932027280331,0.4367096899772992
0.29457364341085274,0.12598425196850394,0.248062015503876,0.08836571955430429,0.3862860813360633,0.2620278,1.6280809049817355,100,0.03908127368405295,SmolLM2-135M-Instruct,-0.006872810423374176,1.0324766114354134,1.0393494218587875,0.3116498693897888
0.27338129496402874,0.072992700729927,0.15827338129496402,0.02271646796752951,0.2710282301024863,0.13294253,1.895402314116485,104,0.03908127368405295,SmolLM2-135M-Instruct,1.8584198951721191,-0.030375242233276367,-1.8887951374053955,0.4073495274992115
0.14457831325301207,0.024390243902439025,0.10843373493975905,0.014969092025664021,0.15418502202643175,0.058244176,2.151072456211927,126,0.03908127368405295,SmolLM2-135M-Instruct,-1.3844980001449585,-2.2968507409095764,-0.9123527407646179,0.13133175991351217
0.13559322033898305,0.011428571428571427,0.0903954802259887,0.00791738131581287,0.14619883040935672,0.016875844,1.723199569173858,130,0.03908127368405295,SmolLM2-135M-Instruct,1.2864465713500977,2.5937360525131226,1.307289481163025,0.32317323388354524
0.14012738853503184,0.05161290322580645,0.10191082802547771,0.017902052216241728,0.14966475095785442,-0.021036446,1.9410381689591178,110,0.03908127368405295,SmolLM2-135M-Instruct,-0.7817163467407227,-0.07382318567397306,0.7078931610667496,0.1674163402227362
0.3125,0.1276595744680851,0.22916666666666666,0.06346500849056935,0.2749396135265701,0.31261015,1.5502787443723325,62,0.03908127368405295,SmolLM2-135M-Instruct,3.1846508979797363,-0.2581367492675781,-3.4427876472473145,0.5409979070059001
0.21897810218978103,0.05925925925925926,0.145985401459854,0.01990391912297332,0.2665213349858357,0.1885281,1.6589010609496058,108,0.03908127368405295,SmolLM2-135M-Instruct,2.006610631942749,1.258988730609417,-0.7476219013333321,0.42366401924182245
0.20111731843575417,0.011299435028248586,0.1452513966480447,0.010747047681631188,0.24932037208822921,0.08514346,1.8763593377498184,133,0.03908127368405295,SmolLM2-135M-Instruct,-1.378659725189209,-0.5185462832450867,0.8601134419441223,0.15295104362342493
0.25,0.05454545454545455,0.19642857142857145,0.03724400610071181,0.2761647422126745,0.23375931,1.9673197846861767,87,0.03908127368405295,SmolLM2-135M-Instruct,3.8079771995544434,2.9897443056106567,-0.8182328939437866,0.5731503708838703
0.18181818181818182,0.037037037037037035,0.12727272727272726,0.010050885811548284,0.1798561151079137,0.104703695,1.5651720935848397,85,0.03908127368405295,SmolLM2-135M-Instruct,0.4356400668621063,-0.9298627376556396,-1.365502804517746,0.28031644166892355
0.1610738255033557,0.01360544217687075,0.09395973154362414,0.009924611178224026,0.19519519519519518,0.16717099,1.619508035388467,122,0.03908127368405295,SmolLM2-135M-Instruct,3.3758976459503174,2.8731099367141724,-0.502787709236145,0.5073255991876695
0.21621621621621623,0.12328767123287672,0.16216216216216217,0.05908334655505602,0.35208606769279727,0.29392186,1.920831759498717,111,0.03908127368405295,SmolLM2-135M-Instruct,1.11146080493927,1.0181881189346313,-0.09327268600463867,0.3839761201418258
0.3617021276595745,0.12903225806451613,0.2446808510638298,0.043353616673002,0.2901936301712694,0.32504216,2.0961680374421148,129,0.03908127368405295,SmolLM2-135M-Instruct,2.7829670906066895,0.597781166434288,-2.1851859241724014,0.5165555016715389
0.20224719101123592,0.056818181818181816,0.1348314606741573,0.026867535624085802,0.265493295019157,0.07531991,2.530419599295064,130,0.03908127368405295,SmolLM2-135M-Instruct,-1.5617109537124634,-0.97562450543046,0.5860864482820034,0.13864475802184595
0.16216216216216217,0.09589041095890412,0.14864864864864863,0.048279249228240284,0.3242722602739726,0.14892593,1.9004659300851678,126,0.03908127368405295,SmolLM2-135M-Instruct,2.6365458965301514,2.92537260055542,0.28882670402526855,0.47380351478125327
0.2446043165467626,0.07299270072992702,0.15827338129496402,0.01208397984514486,0.24495677233429397,0.14242987,1.917504916785282,111,0.03908127368405295,SmolLM2-135M-Instruct,1.2288391590118408,1.8285363130271435,0.5996971540153027,0.3578004068227502
0.3636363636363636,0.2553191489361702,0.3356643356643356,0.1304929399696719,0.5585257152506392,0.36686218,1.857581091068996,107,0.03908127368405295,SmolLM2-135M-Instruct,3.010740280151367,2.3047036081552505,-0.7060366719961166,0.5871664154045373
0.30952380952380953,0.10843373493975904,0.2619047619047619,0.04960626273686355,0.36891679748822603,0.1995796,1.731407150500672,115,0.03908127368405295,SmolLM2-135M-Instruct,3.7863636016845703,2.3312443494796753,-1.455119252204895,0.5880650575156516
0.17045454545454547,0.04597701149425287,0.13636363636363638,0.011051917119166987,0.1785714285714286,0.0704484,2.1498287563244713,142,0.03908127368405295,SmolLM2-135M-Instruct,-0.5113336443901062,-0.6553275287151337,-0.14399388432502747,0.2055873510140454
0.2573099415204678,0.047337278106508875,0.1754385964912281,0.020163865463453768,0.27369385041864674,0.23858069,1.8004177393295373,125,0.03908127368405295,SmolLM2-135M-Instruct,0.5719229578971863,1.6995401978492737,1.1276172399520874,0.3273475736802662
0.2073170731707317,0.04938271604938272,0.14634146341463417,0.031329789411293746,0.18805309734513276,0.15715213,1.9304256706746952,125,0.03908127368405295,SmolLM2-135M-Instruct,1.8762556314468384,2.0797928869724274,0.203537255525589,0.39926426260360043
0.14173228346456693,0.08000000000000002,0.12598425196850394,0.04289862086988609,0.25456053067993367,0.017963583,1.5933290311375614,97,0.03908127368405295,SmolLM2-135M-Instruct,2.231318473815918,2.025750070810318,-0.20556840300559998,0.4135561753400426
0.15384615384615385,0.0779220779220779,0.15384615384615385,0.030495930497139164,0.2632030178326475,0.13016385,1.3077243551272857,133,0.03908127368405295,SmolLM2-135M-Instruct,-1.7293815612792969,1.818789690732956,3.548171252012253,0.13558012433650343
0.2543352601156069,0.05847953216374269,0.12716763005780346,0.013743242371589574,0.2876369982547993,-0.0076325363,1.9351909811466368,121,0.03908127368405295,SmolLM2-135M-Instruct,-0.3799826502799988,-1.1249654544517398,-0.744982804171741,0.2193863979432652
0.2992125984251968,0.14400000000000002,0.1889763779527559,0.04843433400293539,0.4887281666681511,0.23559964,1.3840601628830602,99,0.03908127368405295,SmolLM2-135M-Instruct,2.2600059509277344,1.456816740334034,-0.8031892105937004,0.48435261663081564
0.3875,0.22784810126582278,0.25,0.11121394272453744,0.5304153659382587,0.38941827,1.662744452770913,116,0.03908127368405295,SmolLM2-135M-Instruct,1.5815651416778564,0.07863719016313553,-1.502927951514721,0.46754487071786544
0.12121212121212123,0.04615384615384615,0.045454545454545456,0.01658685363569532,0.1997626582278481,0.0014295996,1.7159205751851963,107,0.03908127368405295,SmolLM2-135M-Instruct,-2.211165189743042,-1.3729600459337234,0.8382051438093185,0.05927952420367566
0.2105263157894737,0.043010752688172046,0.12631578947368421,0.012975101551271255,0.2636172708179908,0.07813108,2.0365847570989932,69,0.03908127368405295,SmolLM2-135M-Instruct,1.4593532085418701,0.39233818277716637,-1.0670150257647038,0.36478654115353154
0.4042553191489362,0.21739130434782608,0.3404255319148936,0.16058837838749881,0.5283795931096477,0.35326615,1.764782681088587,67,0.03908127368405295,SmolLM2-135M-Instruct,3.8235793113708496,2.070272743701935,-1.7533065676689148,0.643085973294606
0.14457831325301207,0.02439024390243903,0.12048192771084337,0.016423995487132304,0.2362521363225093,0.043644816,2.321486261703839,128,0.03908127368405295,SmolLM2-135M-Instruct,0.3115795850753784,-0.12349859066307545,-0.43507817573845387,0.26946123290920443
0.31884057971014496,0.14705882352941177,0.18840579710144928,0.10305212130028121,0.3710013979688335,0.29674506,1.6239526784607068,98,0.03908127368405295,SmolLM2-135M-Instruct,-0.27505871653556824,-0.673998398706317,-0.3989396821707487,0.2861219340413435
0.30303030303030304,0.06185567010309278,0.22222222222222224,0.043753112089858576,0.3237171717171717,0.1841044,1.8302017472179057,75,0.03908127368405295,SmolLM2-135M-Instruct,-1.9066675901412964,-2.7175322771072388,-0.8108646869659424,0.14662750003488745
0.2352941176470588,0.11920529801324503,0.20915032679738563,0.04150261765366161,0.3238925199709513,0.22615115,1.3726917093946693,117,0.044285062799497954,SmolLM2-360M-Instruct,4.553291320800781,3.912629008293152,-0.6406623125076294,0.6362357366278012
0.2971428571428571,0.1271676300578035,0.18285714285714286,0.07812612916028126,0.3594413652930744,0.21059649,1.6613615894410723,127,0.044285062799497954,SmolLM2-360M-Instruct,0.26351895928382874,3.54914927482605,3.285630315542221,0.312849723766604
0.2368421052631579,0.09333333333333334,0.18421052631578946,0.027254324551061422,0.33160844362367903,0.12195707,1.5783839812180167,116,0.044285062799497954,SmolLM2-360M-Instruct,0.8345998525619507,0.610872320830822,-0.2237275317311287,0.34043985753115985
0.31249999999999994,0.07594936708860758,0.2,0.047432682700667694,0.35466129032258065,0.24876234,1.2963004005516923,115,0.044285062799497954,SmolLM2-360M-Instruct,4.034073829650879,3.8130205869674683,-0.22105324268341064,0.603093279903722
0.3016759776536313,0.0903954802259887,0.1787709497206704,0.02833766978977535,0.27184466019417475,0.26019102,1.5035488470095315,137,0.044285062799497954,SmolLM2-360M-Instruct,2.849966049194336,1.6871181651949883,-1.1628478839993477,0.5017117904776951
0.21333333333333335,0.06756756756756757,0.14666666666666667,0.016073894699664536,0.32634209514559176,0.13523172,1.7818341858652686,120,0.044285062799497954,SmolLM2-360M-Instruct,0.6381213665008545,0.9383415579795837,0.30022019147872925,0.32172864958618624
0.42857142857142855,0.20481927710843376,0.27380952380952384,0.12473072354847753,0.4084426440329218,0.31465355,1.3689551078098248,113,0.044285062799497954,SmolLM2-360M-Instruct,3.8798575401306152,2.615480959415436,-1.2643765807151794,0.6172954343542881
0.30409356725146197,0.10650887573964497,0.1871345029239766,0.0218591967529525,0.3250619434984783,0.23496395,1.3985089053534514,124,0.044285062799497954,SmolLM2-360M-Instruct,3.208059549331665,1.9408854991197586,-1.2671740502119064,0.5334838561815258
0.26277372262773724,0.11851851851851852,0.2043795620437956,0.05121307293858607,0.44444444444444453,0.2744178,1.542316634163934,111,0.044285062799497954,SmolLM2-360M-Instruct,3.9748294353485107,1.8329620659351349,-2.141867369413376,0.6146144745652304
0.29213483146067415,0.1149425287356322,0.17977528089887637,0.061792229934312486,0.32728522674261573,0.32532325,1.805669676281243,67,0.044285062799497954,SmolLM2-360M-Instruct,1.9202401638031006,2.166281282901764,0.24604111909866333,0.4480163833491141
0.40449438202247195,0.16091954022988506,0.33707865168539325,0.0842422180432067,0.4343720491029273,0.37881,1.224210489449517,54,0.044285062799497954,SmolLM2-360M-Instruct,4.465310573577881,4.356399178504944,-0.10891139507293701,0.6817627271574551
0.15277777777777776,0.04225352112676057,0.09722222222222222,0.03256124629019453,0.24790051679586564,0.10232373,1.6181870277253985,113,0.044285062799497954,SmolLM2-360M-Instruct,0.16567209362983704,1.463402240537107,1.29773014690727,0.2647661901646202
0.2602739726027397,0.08333333333333333,0.19178082191780824,0.023331644132925978,0.24611398963730574,0.18952507,1.4238992628647174,112,0.044285062799497954,SmolLM2-360M-Instruct,3.4077486991882324,2.8958660364151,-0.5118826627731323,0.5325329950429916
0.20238095238095236,0.03614457831325301,0.09523809523809523,0.01369200916090557,0.17307692307692313,0.011482708,1.6263697557514045,119,0.044285062799497954,SmolLM2-360M-Instruct,2.254179000854492,0.7531859949231148,-1.5009930059313774,0.3994469633943972
0.13008130081300812,0.06611570247933884,0.1138211382113821,0.0195186211272454,0.2820657630522089,0.10601004,1.689280739194856,102,0.044285062799497954,SmolLM2-360M-Instruct,1.20169997215271,-0.008199281990528107,-1.209899254143238,0.34992474518219335
0.18181818181818182,0.034482758620689655,0.09090909090909091,0.018978066029781627,0.22859319320353252,0.17264359,1.8036380821111069,128,0.044285062799497954,SmolLM2-360M-Instruct,1.3546741008758545,2.1607426404953003,0.8060685396194458,0.3601266613930332
0.12658227848101264,0.0,0.10126582278481014,0.004745200745451393,0.12557077625570776,-0.0047263666,1.6243508940132285,118,0.044285062799497954,SmolLM2-360M-Instruct,1.5764421224594116,2.5830164551734924,1.0065743327140808,0.3414267342900069
0.23391812865497075,0.09467455621301776,0.1286549707602339,0.037722088607402234,0.22083217121970558,0.16563791,1.8232756555272998,121,0.044285062799497954,SmolLM2-360M-Instruct,0.9347822666168213,2.274911344051361,1.3401290774345398,0.3316190651489199
0.2465753424657534,0.08333333333333333,0.1917808219178082,0.07600608806679726,0.3533609576427256,0.28444442,1.6901110231087026,116,0.044285062799497954,SmolLM2-360M-Instruct,2.6650335788726807,3.0259830951690674,0.3609495162963867,0.5036440729958608
0.18644067796610167,0.06896551724137931,0.15254237288135591,0.032321042840279486,0.15706806282722513,0.057892427,1.7254633606987175,81,0.044285062799497954,SmolLM2-360M-Instruct,3.142932415008545,2.8744271397590637,-0.2685052752494812,0.47796596988016443
0.2111801242236025,0.037735849056603765,0.12422360248447205,0.013539885664826432,0.21158129175946547,0.09976967,1.8782038098584912,120,0.044285062799497954,SmolLM2-360M-Instruct,1.5537376403808594,2.124959796667099,0.5712221562862396,0.3675513222782903
0.2430939226519337,0.0335195530726257,0.14364640883977903,0.018713805736763223,0.27556463967999184,0.1740036,1.7588399448515353,132,0.044285062799497954,SmolLM2-360M-Instruct,3.4138665199279785,3.914021849632263,0.5001553297042847,0.5284322940603468
0.2048192771084337,0.036585365853658534,0.12048192771084337,0.015770067363188364,0.1892430278884462,0.13236192,1.6920168597874785,120,0.044285062799497954,SmolLM2-360M-Instruct,0.8071011304855347,0.906602781265974,0.09950165078043938,0.3122803514989098
0.1985815602836879,0.10071942446043164,0.14184397163120566,0.06699842619627543,0.25676977812916935,0.19599111,1.6743225490534803,107,0.044285062799497954,SmolLM2-360M-Instruct,1.2889360189437866,1.3277612254023552,0.03882520645856857,0.3688450421756993
0.24675324675324678,0.09210526315789475,0.16883116883116883,0.031046390581088715,0.3088175675675676,0.2150767,1.6210642219767282,124,0.044285062799497954,SmolLM2-360M-Instruct,3.77459716796875,2.5330309122800827,-1.2415662556886673,0.5688235817855475
0.24277456647398846,0.011695906432748537,0.13872832369942198,0.011262339648898598,0.27097649788514266,0.08493792,1.5084442783623824,128,0.044285062799497954,SmolLM2-360M-Instruct,1.2107517719268799,-0.051077380776405334,-1.2618291527032852,0.349638119574334
0.20155038759689922,0.07874015748031496,0.15503875968992248,0.029534103713707138,0.2823093513244484,0.14818887,1.723799401314826,104,0.044285062799497954,SmolLM2-360M-Instruct,4.216856956481934,4.525034785270691,0.3081778287887573,0.5877851122748388
0.12658227848101267,0.025974025974025972,0.12658227848101267,0.008887042047007208,0.10121457489878544,0.012499108,2.0204514571323755,55,0.044285062799497954,SmolLM2-360M-Instruct,0.4519072473049164,1.0846807062625885,0.6327734589576721,0.25866802058141636
0.2,0.05405405405405405,0.16,0.017065807664014877,0.3185815868263473,0.25194892,1.5713014224263857,124,0.044285062799497954,SmolLM2-360M-Instruct,3.732330322265625,3.4573082327842712,-0.27502208948135376,0.5706862322299282
0.2285714285714286,0.15942028985507245,0.2,0.05260057064138137,0.4120700183187463,0.23759572,1.5927311184526904,109,0.044285062799497954,SmolLM2-360M-Instruct,3.390076160430908,2.232610136270523,-1.1574660241603851,0.5608369858988306
0.38743455497382207,0.14814814814814814,0.23036649214659688,0.09940209963170417,0.36234876169915786,0.31179363,1.6496546221651995,132,0.044285062799497954,SmolLM2-360M-Instruct,2.355821132659912,1.902813881635666,-0.4530072510242462,0.49038421209071864
0.1420118343195266,0.011976047904191617,0.08284023668639053,0.0077600258882686,0.1537538784502347,-0.016450284,1.7234815331065108,124,0.044285062799497954,SmolLM2-360M-Instruct,-0.9570004343986511,-0.6761571951210499,0.28084323927760124,0.15223927627565126
0.1843971631205674,0.11510791366906477,0.1702127659574468,0.06201357206381334,0.3804629917990242,0.20510659,1.4163366595499594,119,0.044285062799497954,SmolLM2-360M-Instruct,5.161973476409912,3.831529200077057,-1.3304442763328552,0.6815473995628712
0.2191780821917808,0.05555555555555556,0.1095890410958904,0.014337378049582522,0.22598870056497175,0.08537761,1.5993130815490668,112,0.044285062799497954,SmolLM2-360M-Instruct,3.325491428375244,2.7377129197120667,-0.5877785086631775,0.4988195025706111
0.35135135135135137,0.20547945205479454,0.2837837837837838,0.10144216996286361,0.4692252391749156,0.21427113,1.3042453694635072,108,0.044285062799497954,SmolLM2-360M-Instruct,1.5185805559158325,2.9963780641555786,1.477797508239746,0.4358019548438878
0.34782608695652173,0.17610062893081763,0.2732919254658385,0.08593852956525637,0.4458176890949771,0.2903189,1.213008649350345,110,0.044285062799497954,SmolLM2-360M-Instruct,3.4947445392608643,2.8409180641174316,-0.6538264751434326,0.5900086605107983
0.2545454545454545,0.06134969325153374,0.18181818181818182,0.027652657388627676,0.3143143521758043,0.11194033,1.9344337650578867,130,0.044285062799497954,SmolLM2-360M-Instruct,1.459186315536499,0.5820832494646311,-0.8771030660718679,0.3834418226447269
0.27932960893854747,0.07909604519774012,0.1564245810055866,0.019882973734090946,0.35107251540117285,0.23361877,1.4956116591490551,134,0.044285062799497954,SmolLM2-360M-Instruct,2.663600444793701,2.379919845610857,-0.28368059918284416,0.49174027111007124
0.18713450292397663,0.02366863905325444,0.14035087719298245,0.017679832713467323,0.19607843137254904,0.13005331,1.6004107612746503,132,0.044285062799497954,SmolLM2-360M-Instruct,3.551023006439209,3.3505759835243225,-0.20044702291488647,0.521847427578032
0.2222222222222222,0.04838709677419355,0.15873015873015872,0.02947774318887916,0.3341586722748275,0.11269081,1.5632357206610916,95,0.044285062799497954,SmolLM2-360M-Instruct,3.1860063076019287,2.952431619167328,-0.23357468843460083,0.5129482473834824
0.26666666666666666,0.1954887218045113,0.26666666666666666,0.07738594614225906,0.5060506050605061,0.3211955,1.3825839761116088,111,0.044285062799497954,SmolLM2-360M-Instruct,4.8888630867004395,3.7754873037338257,-1.1133757829666138,0.706096405168604
0.11299435028248586,0.0,0.0790960451977401,0.004650583382708885,0.12131715771230504,-0.09889877,1.8626972084759645,124,0.044285062799497954,SmolLM2-360M-Instruct,-0.011423878371715546,-0.362404759041965,-0.35098088067024946,0.21851265067267506
0.29457364341085274,0.2047244094488189,0.23255813953488375,0.07157621948514464,0.548131300169037,0.3017744,1.1967071870911603,106,0.044285062799497954,SmolLM2-360M-Instruct,5.036999225616455,3.571199953556061,-1.4657992720603943,0.715708173618999
0.4052287581699346,0.21192052980132448,0.3267973856209151,0.12427981777322779,0.5535218115379285,0.41320762,1.3211923456047778,105,0.044285062799497954,SmolLM2-360M-Instruct,3.492724895477295,2.202552270144224,-1.2901726253330708,0.6277365772499652
0.17142857142857143,0.07246376811594203,0.1285714285714286,0.03687405896352431,0.2632030178326475,0.10183602,1.396556866330868,113,0.044285062799497954,SmolLM2-360M-Instruct,3.764479160308838,1.4110986292362213,-2.3533805310726166,0.5415141502478278
0.3333333333333333,0.2,0.2941176470588235,0.045411350096650906,0.47410425270677536,0.21417083,1.4844324713947468,73,0.044285062799497954,SmolLM2-360M-Instruct,4.157999038696289,3.623465836048126,-0.5345332026481628,0.6362737097380176
0.303448275862069,0.16783216783216787,0.23448275862068965,0.09591604910038745,0.47945005033596333,0.20366603,1.3852787172980958,116,0.044285062799497954,SmolLM2-360M-Instruct,4.202667236328125,4.041823923587799,-0.16084331274032593,0.6309931073210395
0.15116279069767444,0.03529411764705882,0.13953488372093023,0.016710539916802963,0.22835444478155342,0.05836814,2.383458455747081,136,0.044285062799497954,SmolLM2-360M-Instruct,1.3051683902740479,2.1566326916217804,0.8514643013477325,0.3476192277436321
0.38297872340425526,0.2158273381294964,0.2695035460992908,0.08989066374625032,0.5505088993886434,0.36602342,1.553127164415236,102,0.044285062799497954,SmolLM2-360M-Instruct,0.6344016790390015,1.2000150680541992,0.5656133890151978,0.3984883527522738
0.19672131147540983,0.03333333333333333,0.13114754098360654,0.013836301551227986,0.24759973900074575,0.13018645,1.782577248886717,95,0.044285062799497954,SmolLM2-360M-Instruct,-0.1899455338716507,-0.7598559558391571,-0.5699104219675064,0.24622575463800891
0.33057851239669417,0.21848739495798322,0.2975206611570248,0.11196337670594872,0.43065106302441497,0.32899544,1.2511676181385827,85,0.046270293444839544,Qwen2.5-0.5B-Instruct,5.417641639709473,2.9332021176815033,-2.4844395220279694,0.7409556214147804
0.3931623931623931,0.10434782608695652,0.25641025641025644,0.07730764841954149,0.291504730055435,0.26874813,2.012368744594176,73,0.046270293444839544,Qwen2.5-0.5B-Instruct,1.6679840087890625,1.3262198623269796,-0.34176414646208286,0.4269532657334501
0.2702702702702703,0.11009174311926606,0.1981981981981982,0.03888783996985277,0.30798522307473714,0.20883985,2.064938282297341,74,0.046270293444839544,Qwen2.5-0.5B-Instruct,2.9760327339172363,-1.9566641747951508,-4.932696908712387,0.5117529086964403
0.3829787234042553,0.1827956989247312,0.276595744680851,0.1008641858834805,0.5179157907649758,0.28754306,1.1551527152440704,143,0.046270293444839544,Qwen2.5-0.5B-Instruct,4.522833347320557,2.6967653036117554,-1.8260680437088013,0.6769936938047324
0.3835616438356164,0.16901408450704225,0.273972602739726,0.053511024827492995,0.2944308611790275,0.32219177,1.6338724587896412,31,0.046270293444839544,Qwen2.5-0.5B-Instruct,3.7785277366638184,3.8884928226470947,0.10996508598327637,0.5955017598962706
0.2545454545454546,0.0925925925925926,0.2,0.023397322123554096,0.38771471440397354,0.22407773,2.538876719814264,85,0.046270293444839544,Qwen2.5-0.5B-Instruct,-0.29623737931251526,0.6697221472859383,0.9659595265984535,0.27861487797381435
0.313953488372093,0.11764705882352944,0.19767441860465115,0.04020381449227139,0.29477557027225904,0.18356758,1.7109951527846605,116,0.046270293444839544,Qwen2.5-0.5B-Instruct,1.9679912328720093,2.202812612056732,0.2348213791847229,0.4307579405591881
0.22727272727272727,0.07692307692307693,0.15151515151515152,0.022361238826933458,0.23059710028882724,0.21735354,2.061891350710159,85,0.046270293444839544,Qwen2.5-0.5B-Instruct,0.21897397935390472,0.9975586831569672,0.7785847038030624,0.2890431784026428
0.22222222222222224,0.045454545454545456,0.11111111111111112,0.015725704600223697,0.2304620333906484,0.2001489,1.417870096370755,64,0.046270293444839544,Qwen2.5-0.5B-Instruct,5.141326904296875,4.463758230209351,-0.6775686740875244,0.6514536187750126
0.32432432432432434,0.1388888888888889,0.2162162162162162,0.1086684595768498,0.41897123893805316,0.29329252,2.318816400586458,52,0.046270293444839544,Qwen2.5-0.5B-Instruct,2.142463445663452,1.7602148652076721,-0.38224858045578003,0.47753808548966936
0.40963855421686746,0.09876543209876544,0.26506024096385544,0.04545435141870276,0.3216397594806697,0.34409454,1.876043640747905,48,0.046270293444839544,Qwen2.5-0.5B-Instruct,3.2316932678222656,2.433359742164612,-0.7983335256576538,0.5597454180369198
0.2040816326530612,0.0625,0.14285714285714285,0.05047164520473432,0.21325503355704697,0.17146331,2.423683756372494,71,0.046270293444839544,Qwen2.5-0.5B-Instruct,1.154822826385498,1.9101186990737915,0.7552958726882935,0.3498238785125985
0.2953020134228188,0.13605442176870747,0.20134228187919462,0.05207713500131172,0.4246018825839121,0.26423755,1.9134981384199827,115,0.046270293444839544,Qwen2.5-0.5B-Instruct,3.4336776733398438,1.4206022918224335,-2.0130753815174103,0.5695174952288302
0.14754098360655737,0.0,0.08196721311475408,0.00846910394206446,0.1371308016877637,0.06975726,2.585278127649107,77,0.046270293444839544,Qwen2.5-0.5B-Instruct,1.8260093927383423,0.7011456564068794,-1.1248637363314629,0.36846074721113925
0.20895522388059706,0.09230769230769231,0.20895522388059706,0.02278390555189902,0.32548403976975404,0.19429275,2.0757156166383024,49,0.046270293444839544,Qwen2.5-0.5B-Instruct,2.0884780883789062,-0.19534558802843094,-2.283823676407337,0.4468458882772399
0.3461538461538462,0.0784313725490196,0.15384615384615385,0.053140162942958036,0.251702852277565,0.3322431,2.3042892760631783,57,0.046270293444839544,Qwen2.5-0.5B-Instruct,1.6370689868927002,1.370455950498581,-0.26661303639411926,0.4141126451512544
0.2272727272727273,0.06976744186046513,0.20454545454545453,0.03204757458855627,0.2414211282788358,0.16491498,1.689214084406215,53,0.046270293444839544,Qwen2.5-0.5B-Instruct,4.629184246063232,3.005087196826935,-1.6240970492362976,0.6221671015737456
0.22448979591836735,0.041666666666666664,0.14285714285714285,0.023695999797312916,0.14015854275594536,0.15745126,2.0239730760267647,49,0.046270293444839544,Qwen2.5-0.5B-Instruct,2.3816168308258057,3.5769219398498535,1.1953051090240479,0.4304515213842015
0.3888888888888889,0.1142857142857143,0.25,0.12944083548863058,0.3330498866213152,0.36409163,1.616883240110594,43,0.046270293444839544,Qwen2.5-0.5B-Instruct,3.027294874191284,3.159262537956238,0.1319676637649536,0.5465563872504249
0.13333333333333333,0.05084745762711864,0.11666666666666667,0.0194361987132151,0.15207047325102882,0.07806857,2.287689109987778,84,0.046270293444839544,Qwen2.5-0.5B-Instruct,3.6108522415161133,2.137390859425068,-1.4734613820910454,0.5103890406664966
0.2820512820512821,0.05263157894736842,0.23076923076923075,0.048324004798615344,0.20159760170006075,0.17621405,1.6453167369137285,39,0.046270293444839544,Qwen2.5-0.5B-Instruct,0.1401156634092331,1.0182792991399765,0.8781636357307434,0.28432920171608955
0.17679558011049726,0.0111731843575419,0.11049723756906077,0.008613985292595147,0.183752417794971,0.035212368,1.0623536229305424,139,0.046270293444839544,Qwen2.5-0.5B-Instruct,4.661243438720703,3.3297403156757355,-1.3315031230449677,0.5870550131685185
0.2184873949579832,0.05128205128205128,0.15126050420168066,0.0257766776600555,0.1956532356532357,0.18024538,2.257533309739301,76,0.046270293444839544,Qwen2.5-0.5B-Instruct,2.045698404312134,1.0582034438848495,-0.9874949604272842,0.4167529164110221
0.30476190476190473,0.0970873786407767,0.17142857142857143,0.0252593005050603,0.29604508365992677,0.24795431,1.423400181506089,71,0.046270293444839544,Qwen2.5-0.5B-Instruct,3.735154628753662,1.839762557297945,-1.895392071455717,0.5688849178745957
0.18571428571428572,0.028985507246376815,0.09999999999999999,0.01297185387735703,0.23582607200183442,0.24117713,2.048670488408149,110,0.046270293444839544,Qwen2.5-0.5B-Instruct,3.7964396476745605,2.6555934101343155,-1.140846237540245,0.555036276809568
0.1896551724137931,0.0,0.13793103448275865,0.008716677793727784,0.13655462184873948,0.1746785,3.0515599497878596,71,0.046270293444839544,Qwen2.5-0.5B-Instruct,-0.8908711075782776,0.7130679143592715,1.6039390219375491,0.18555418477491767
0.28205128205128205,0.026315789473684213,0.15384615384615383,0.025334795699203178,0.25436179981634527,0.2090853,1.6474474771808074,54,0.046270293444839544,Qwen2.5-0.5B-Instruct,4.931541442871094,2.68765851855278,-2.2438829243183136,0.6457561017448972
0.11347517730496454,0.014388489208633094,0.07092198581560283,0.004728920923883853,0.1721783980582524,0.08873265,1.9256913775088857,118,0.046270293444839544,Qwen2.5-0.5B-Instruct,-0.6774152517318726,-0.19266066700220108,0.4847545847296715,0.1859596891598148
0.23529411764705882,0.024096385542168676,0.1411764705882353,0.017041794607006916,0.18587360594795538,0.24421822,2.3541715763186843,62,0.046270293444839544,Qwen2.5-0.5B-Instruct,3.5954794883728027,3.5704301595687866,-0.025049328804016113,0.5391615143005101
0.23214285714285718,0.1272727272727273,0.19642857142857142,0.044514321178239113,0.4206730769230769,0.23119678,2.253945175660509,81,0.046270293444839544,Qwen2.5-0.5B-Instruct,3.4915335178375244,0.5606723204255104,-2.930861197412014,0.5682832123215136
0.41450777202072536,0.2094240837696335,0.25906735751295334,0.11717382133968553,0.4150009750390016,0.31691626,1.6593670405016143,135,0.046270293444839544,Qwen2.5-0.5B-Instruct,5.403744697570801,2.4950478076934814,-2.9086968898773193,0.7310863735019552
0.18666666666666668,0.0273972602739726,0.13333333333333336,0.021096321819748295,0.1269764319809069,0.13396104,2.8159358344803236,31,0.046270293444839544,Qwen2.5-0.5B-Instruct,2.1880722045898438,0.4091147221624851,-1.7789574824273586,0.40973949846547175
0.2524271844660194,0.1584158415841584,0.23300970873786406,0.09203008441736324,0.48523105670411804,0.25256696,1.6465181714787849,84,0.046270293444839544,Qwen2.5-0.5B-Instruct,4.705946922302246,4.245195388793945,-0.4607515335083008,0.6759290097068548
0.25210084033613445,0.05128205128205127,0.1680672268907563,0.02010177162309657,0.2293577981651376,0.20643553,1.848562617959494,91,0.046270293444839544,Qwen2.5-0.5B-Instruct,2.7756507396698,1.652600109577179,-1.1230506300926208,0.4818645772910785
0.390625,0.2222222222222222,0.32812499999999994,0.1252185740630231,0.47825490196078435,0.29588193,1.5699105783302778,90,0.046270293444839544,Qwen2.5-0.5B-Instruct,2.8005497455596924,3.6986805200576782,0.8981307744979858,0.5501902258790385
0.28750000000000003,0.05063291139240507,0.1875,0.01685120678111777,0.2882215711805555,0.22719897,2.178509107227291,111,0.046270293444839544,Qwen2.5-0.5B-Instruct,2.9298996925354004,3.458936780691147,0.5290370881557465,0.506670488360691
0.2833333333333333,0.06779661016949153,0.2,0.018918330735085358,0.29793398841017893,0.15250947,2.6826081848111336,84,0.046270293444839544,Qwen2.5-0.5B-Instruct,0.3579593300819397,0.14063232392072678,-0.21732700616121292,0.3062904493281352
0.26285714285714284,0.057803468208092484,0.18285714285714286,0.012155116641085513,0.34455667789001126,0.17265841,1.6460756680315538,125,0.046270293444839544,Qwen2.5-0.5B-Instruct,0.6423183083534241,1.8531732559204102,1.210854947566986,0.33428844973384575
0.2518518518518518,0.045112781954887216,0.16296296296296295,0.02406708909740719,0.23436157942526195,0.18917403,1.9991994352801337,97,0.046270293444839544,Qwen2.5-0.5B-Instruct,2.4301230907440186,3.6459919810295105,1.215868890285492,0.4535695697359339
0.15217391304347827,0.022222222222222223,0.13043478260869568,0.008332561906957716,0.15,0.010812053,1.8740407680335143,61,0.046270293444839544,Qwen2.5-0.5B-Instruct,3.8594870567321777,3.9278753995895386,0.06838834285736084,0.5216759361178717
0.3636363636363637,0.15094339622641512,0.18181818181818185,0.09500266321476487,0.3079716858762925,0.31267053,1.5938104583415613,31,0.046270293444839544,Qwen2.5-0.5B-Instruct,3.2046661376953125,0.3386597726494074,-2.866006365045905,0.5406020399035715
0.1492537313432836,0.0,0.08955223880597014,0.007038332170975285,0.12172284644194757,-0.04688543,2.228641213365714,84,0.046270293444839544,Qwen2.5-0.5B-Instruct,0.24127443134784698,-0.22428279370069504,-0.465557225048542,0.2389611792667223
0.2857142857142857,0.0898876404494382,0.1978021978021978,0.06101039029987128,0.32953200645508335,0.28514403,2.2372702535986737,68,0.046270293444839544,Qwen2.5-0.5B-Instruct,3.2490739822387695,2.9309497475624084,-0.3181242346763611,0.5452767585337029
0.4912280701754387,0.25,0.2982456140350877,0.195541759887072,0.5276027461675914,0.40119728,1.891099815282481,69,0.046270293444839544,Qwen2.5-0.5B-Instruct,3.649789333343506,1.4203330278396606,-2.229456305503845,0.6306820286404368
0.30769230769230765,0.09523809523809522,0.2153846153846154,0.028827505238626313,0.33273092369477913,0.23418029,2.834425417347617,41,0.046270293444839544,Qwen2.5-0.5B-Instruct,0.6283553838729858,-0.39685510098934174,-1.0252104848623276,0.3442017289205871
0.21052631578947364,0.03571428571428571,0.10526315789473682,0.013771929183141983,0.18633540372670807,0.02424457,1.8779296651236348,87,0.046270293444839544,Qwen2.5-0.5B-Instruct,2.931980609893799,1.6757184863090515,-1.2562621235847473,0.45521662982974814
0.202020202020202,0.08247422680412371,0.1414141414141414,0.037622558121018695,0.2777777777777778,0.15920012,1.8378894988442431,72,0.046270293444839544,Qwen2.5-0.5B-Instruct,4.181631088256836,2.987378418445587,-1.1942526698112488,0.5841838344780095
0.25,0.0,0.25,0.018667825927978183,0.11824324324324324,0.12846301,2.1414492829050467,26,0.046270293444839544,Qwen2.5-0.5B-Instruct,3.0951950550079346,0.487040713429451,-2.6081543415784836,0.4916037376587795
0.24285714285714285,0.057971014492753624,0.15714285714285714,0.037072973459897206,0.27625989242522864,0.19966647,1.999346724408769,101,0.046270293444839544,Qwen2.5-0.5B-Instruct,1.1544255018234253,2.889113962650299,1.7346884608268738,0.3638598348789923
0.23404255319148937,0.06521739130434782,0.1702127659574468,0.04254540983404278,0.25436179981634527,0.12957019,1.9354971346299636,72,0.046270293444839544,Qwen2.5-0.5B-Instruct,1.82365083694458,0.12217509001493454,-1.7014757469296455,0.4036553386420496
