,Qwen2.5-1.5B-Instruct,SmolLM2-135M-Instruct,SmolLM2-360M-Instruct,Qwen2.5-0.5B-Instruct
0.0,0.738070253778885,0.4494167756042618,0.6323843299986691,0.6510172988089683
0.1,0.6870047633376849,0.4260326500258266,0.5916591437843669,0.6082827530626951
0.2,0.6359392728964846,0.40264852444739124,0.5509339575700647,0.565548207316422
0.3,0.5848737824552842,0.3792643988689561,0.5102087713557624,0.5228136615701486
0.4,0.5338082920140839,0.3558802732905209,0.4694835851414601,0.4800791158238756
0.5,0.4827428015728837,0.33249614771208563,0.42875839892715784,0.43734457007760236
0.6,0.4316773111316833,0.30911202213365047,0.3880332127128556,0.39461002433132913
0.7,0.380611820690483,0.2857278965552153,0.34730802649855336,0.35187547858505597
0.8,0.32954633024928265,0.26234377097677997,0.30658284028425103,0.30914093283878263
0.9,0.2784808398080823,0.2389596453983448,0.26585765406994877,0.26640638709250947
1.0,0.22741534936688204,0.21557551981990955,0.22513246785564647,0.22367184134623624
